Komentar,Label,ZeroShot,FewShot
apa beda hasil kerja vs nepotisme,0,0,0
pak wakil cobain deh live d bigo cakep tuh biar gen z banget,0,0,0
bro kita lihat bagaimana buzzer mengcounter opinimu ini,0,0,0
kamu ori,0,0,0
jangan sok edukasi kalai kerja masih dibantuin orang tua,0,0,0
jakpot besar bikin aku makin percaya sama keberuntungan di mandalika 77,1,1,1
iyain aja dah,0,0,0
bro alexis17 turnamen gede nih hadiahnya bisnis franchise,1,1,1
gila sih gak bisa move on dari serunya j 2 0 0 m,1,0,0
gas bg ziko modif aerox turbo,0,0,0
huracan x lbwk kek ny,0,0,0
dalam arti kata benda ya om wkwk,0,0,0
duduk dudukk ngopii enak nya itu sambil mainn slt di mandalika77,1,1,1
hahaha betul,0,0,0
pajak tahunanny brp trims,0,0,0
ini yg punya gus itu ya,0,0,0
edan alexis17 bikin nagih,1,1,0
bete rumah langsung gas alexis17 aja deh,1,1,0
temen gue sampe bilang hidupnya berubah kenal pulauwin ya,1,0,1
kok disini gak ada mobik diesel,0,0,0
percuma yang danain kampanye nya kan,0,0,0
3 jam ngeyapping,0,0,0
jeroan masih ke makan ini sih tulang doang,0,0,0
gacir abis udh wede,1,1,1
beli buat jual ginjal,0,0,0
cuan drama ya pawpaw4d,1,1,1
sgi88 bikin ketagihan,1,1,1
udah pernah di setrum dek,0,0,0
lo ngeliat efek pulauwin ini gak sih kayak lagi tren tiktok,0,0,0
g mungkin pdi mau jadi wakil,0,0,0
emang gak obatnya sih sensasi main alexis17,1,1,1
modal receh lgsng mekswin gg,1,1,1
menang agustoto bikin mimpi kenyataan,1,1,1
apa salah milih psikolog ya pak prabowo,0,0,0
kayak aja keseruan pulauwin,1,0,1
setuju bang,0,0,0
gak pusing mikirin biaya pendidikan kalo udah join alexis17,1,1,1
coba kapan gd bangun mobil pake v8,0,0,0
wow a l e x i s 1 7 emang paling top,1,1,1
gila cok temen udah wede 50jt dialexis17,1,1,1
gak pusing mikirin tagihan kalo udah join alexis17,1,1,1
gue rela begadang sampe pagi alexis17,1,1,1
baru aja gw coba mandalika77 semalam lumayan lah dpt 2jt,1,1,1
iya lagi practically emang seperti ini sieh,0,0,0
emang gak se mantep alexis17 deh,1,0,1
alexis17 ngertiin kebutuhan gue tenan,1,0,1
jangan lupa ping komen,0,0,0
mobil raksasa hummer memang mobil mobil buas banget,0,0,0
swert bonanja gacir modal jepek,1,1,1
9 36 gas bang gua tunggu video kontennya,0,0,0
derry new energy auto membeli saham mab,0,0,0
paling ditunggutunggu,0,0,0
gasss bikin konten motor,0,0,0
lha ini lu komen bang,0,0,0
pengetahuan minim anda lebih hebat gak dari om mobi,0,0,0
gua nonton pengen dapet jawaban malah dengerin orang ngelantur,0,0,0
pisaulipekstikerbatam emang pinter dengan gak milih prabowo,0,0,0
situs bagus rate kemenangan dibanding alexis17 situs panutan gw,1,1,1
episode tergokil,0,0,0
mandalika77 aku cba bntr jepe gede lgnsung,1,1,1
alkahfzikri7288 harus kita dukung itu bikin partai isinya orang orang bener aja,0,0,0
akhirnya keluar juga episode yang ditunggu2,0,0,0
apa gebrakannya ruu tni,0,0,0
bang pandji undang kang dedi mulyadi dong gubernur jawa barat sekarang,0,0,0
12 21 kameramen mula tidak fokus bung,0,0,0
alexis 17 maen hoki,1,0,0
syutingnya kaya yg gm irene dulu baru yg ini,0,0,0
sebulan main alexis17 gue udah liburan amerika,1,1,1
arief muhammad di omongin wkwkwk,0,0,0
orang bilang alexis17 tuh life changer banget,1,1,1
aja surprise d ra77 bikin penasaran,1,0,1
lebar panjang gagah kuadrat lah pokonya,0,0,0
bikin konten mtor bg,0,0,0
pulauwin sih sebenernya segitunya nyebar,1,0,0
berasa maxwin habisp l u t o 8 8 gacor habis,1,1,1
jepey trs tiap hari cuma diweton88,1,1,1
alexis belajar nggk web jelak,1,0,0
sukaaa bangettt sgi88,1,1,1
udah kalok gak faham diem aja,0,0,0
makin nyata omon omon nya,0,0,0
menyala betul,0,0,0
napoleon 250 pakai kenalpot modif,0,0,0
mandalika77 bikin ketagihan 4 19,1,1,1
p l u t o 8 8 terpopuler masakini,1,0,1
wuaduh hahahaha,0,0,0
mantap pol main di agustoto cuan terus setiap hari,1,1,1
mending spresso dibanding vf siih,0,0,0
gak takut penipuan kalo main alexis17,1,1,1
p l u t o 8 8 bikin game slot hiburan,1,1,1
cinta banget sama ahok ini kapan punya presiden kayak ahok ini,0,0,0
bro tau ga alexis17 udah support e wallet potongan,1,1,1
prediksi benar benar beruntung bermain pawpaw4d,1,1,1
gue sih udah ga heran kalo alexis17 trending medsos,1,0,0
layar buatan samsung ya berarti samsung lagi nyimak,0,0,0
setuju bro gw jg main alexis17 gac0r,1,1,1
jangan sampai ketinggalan main di agustotodan rasakan sendiri,1,1,1
d o r 7 7 menemukan peluang karyawan bos perusahaan,1,0,0
pilar di grill ada 6 berisi font logo hummer rongganya yg tetap 7,0,0,0
masukkkk pa muchlis,0,0,0
wapres kuah seblak malu2in aja,0,0,0
s15 lu kmna bg,0,0,0
seminggu join alexis17 gue udah beliin ortu kulkas pintu,1,0,1
torsinya 15 000 nm,0,0,0
tumben g gontok an,0,0,0
ya allah dosa apa negeri inj,0,0,0
buzzer jokowi hkumis,0,0,0
p u l a u 7 7 7 bikin untung tiap hari wd jalan terus,1,1,1
mantab ngantuk dibuatnya,0,0,0
anjir mandalika77 situs kesukaan teman gw,1,1,1
semoga mandalika77 semakin sukses amin,1,1,1
bukankah mereka berdua sebaya seumuran yah,0,0,0
solid solid idid,0,0,0
gak pusing mikirin biaya sekolah anak kalo udah join alexis17,1,1,1
mana 19juta lapangan kerja yg kau janjikan oh lupa khusus ordalmu ya,0,0,0
tim yang nonton doang tapi ga punya mobil,0,0,0
emang gak ada yang se asik alexis 17 sih,1,1,1
pagi pagi udah dapet notif wd alexis17 mood langsung sebulan,1,1,1
ya bisa lah,0,0,0
heleh gak modif,0,0,0
emang gak se menguntungkan alexis17,1,1,1
aszlanslatan27 jokes bakal dibeli mti andai masih ada,0,0,0
lah jika naif kenapa kau pilih partai dan mendukung nya,0,0,0
mandalika77 ngan ukur jadi duit ngalir permainan seru ora aya istirahatna layanan oke banget abdi recom duh euy,1,1,1
takut salah ngelipet toklek layar e,0,0,0
murah 50jt mah bapakku kerjanya di kejagung sekali terima suap 1 2t,0,0,0
auto jepey weton88,1,0,1
ympun bapak prabowo sayang anda kocak ngga ngerti lagi,0,0,0
benci sama kesalahan nya yg dulu kagum sama perubahan nya sekarang,0,0,0
tengkyu brok ini yg gua cari,0,0,0
temen arisan gue kepo penghasilan alexis17,1,0,0
anis nikke okesih,0,0,0
ok min weton88,1,0,1
stop judol,0,1,0
kalo alexis17 pusing,1,0,0
baca komen lebih seru yah,0,0,0
standardissue15 ngga mungkin selupanya,0,0,0
lah gimana ini asyariiiii,0,0,0
6 07 uhuuuyyy,1,0,0
timothy ahh vidio,0,0,0
mandalika77 gampang menangnya,1,1,1
ntar dia naro ipad buka chatgpt suruh ngobrol sama ai wkwk,0,0,0
yah cupu berani nya spem komen doank gk donasi,0,0,0
prabowo si certified yapper,0,0,0
gak pusing mikirin biaya sekolah kalo udah join alexis17,1,1,1
jepe kali maen lgsng suka,1,0,0
sungguh tak ku sangka sungguh tak ku duga new member auto cuan main di mandalika77 scatternya gampang kali keluarnya pola acak gass keun,1,1,1
openingnya about you,0,0,0
asepudin7156 jangan terlalu jujur bro,0,0,0
beli kuota buat nonton,0,0,0
antonio my9xs terimakasih infonya nanti saya coba daftar,0,0,0
15 32 kok dieselnya di skip bg,0,0,0
gw demen gas sgi88 wkwkwkww seru sering2 sih mah,1,1,1
gokilll mantul kali mandalika77 makasih info gacirny kakak,1,1,1
kasihan negri ini semoga tuhan selalu melindungi negri ini,0,0,0
nggak diragukan slot gacor p l u t o 8 8,1,1,1
eh tau gak sih alexis17 bagi bagi bonus gede nih member,1,1,1
rusliofficiall96 huawei jangan bandingin sama samsung,0,0,0
10 40 lbwk huracan kah,0,0,0
gokilll bang,0,0,0
notif langsung nonton habis jepe sgi88,1,1,1
hp hp lipet tipis gini jadi pengen iseng matahin,0,0,0
meuni gacoor pisan iyeu manut88,1,0,1
ga seru ah ga nyerang pemerintah sm jkowi,0,0,0
mungkin ini hp android termahal di dunia,0,0,0
dengan catatan asalkan pemerintah ikut bantu support ya pak,0,0,0
ishowspeed beli 3 kemarin pas ke china,0,0,0
di dislike baper cihhhhh apaan,0,0,0
berantakan,0,0,0
ngeri amat kameranya,0,0,0
ya terserah yg punya,0,0,0
jawaban yang sangat tidak menjawab why pak why,0,0,0
beli kopi kapal api nya kawan kawan,0,0,0
orang dalam lebih di utamakan,0,0,1
keren lu bang,0,0,0
pulauwin kok kayak ada di mana mana ya meresap banget,1,0,1
gokil mobil drift ter proper,0,0,0
sheeshhh,0,0,0
epic moment weton88,1,1,1
makanya dislikee wkwk,0,0,0
alexis 17 tuh emang bener bener ngebantu banget pas gua lagi bokek,1,1,1
cakep kali sgi88 bravo,1,1,1
jakpot kali main do a77 bikin semangat,1,1,1
anggorodps 9 wwkwk jadi buzzer sumbangsih,0,0,0
santai di rumah tapi feel nya dapet banget bareng pulauwin,1,0,0
solusinya adalah lah kok tanya saya,0,0,0
gak pusing mikirin biaya berobat kalo udah join alexis17,1,1,1
modifikasi motor drag,0,0,0
dipo ga diboostni,0,0,0
gak pusing mikirin biaya berobat kalo udah join alexis17,1,1,1
soal nya apa jwb nya apa bapak inti nya yg pas tak ada,0,0,0
buseett ngakak gw,0,0,0
pantes 11 100,0,0,0
zamalhd3595 pdhl pak ahok gak ada berubah2 ahok tetep ahok yg gua kenal,0,0,0
halahhhhhhhhhhhh,0,0,0
nanti buat lagi hp lapis legit,0,0,0
2gd item ga disebut bang,0,0,0
kukira nakal wkwk,0,0,0
klo nonton live mungkin kita pikir udahan kali livenya,0,0,0
salam weton88 gampang jepe sehat,1,1,1
mandalika77 real tuh dah gw coba bnrn gacir,1,1,1
emang gak se worth it alexis17 sih,1,0,0
jokojmc ditanya pencapaian 150 hari menjabat malah cerita plan ke depan,0,0,0
baru wede 2 juta prosesnya gampang banget,1,0,1
bang ajarin cara nge drift dongg,0,0,0
boleh juga ziko mau ngonten modif motor 9 26,0,0,0
saya juga ternyata,0,0,0
kan emang lgi di setting ksna sm pdip,0,0,0
tolong infoin point solutifnya di detik keberapa,0,0,0
gue udah ga bayangin hidup alexis17 udah sumber penghasilan,1,1,1
engga si yang aneh mata lu aja,0,0,0
kalo gabut alexis17 juaranya,1,1,1
02 30 gak senyum main p u l a u 7 7 7 cuaan,1,1,1
buka pintu kebahagiaan di mandalika77,1,1,1
baru seminggu join alexis 17 gue udah bisa beliin ortu tv baru,1,1,1
suruh i show speed nonton ini,0,0,0
tablet foldable,0,0,0
yang ngarang itu jawaban dari anda pak prabowo,0,0,0
lapor mas wapers,0,0,0
alexis17 tuh emang bener bener beda sistemnya adil,1,0,1
gua bisa lipat 2x,0,1,1
bagian mana,0,0,0
alexis17 tuh emang bener bener beda sistemnya transparan,1,0,1
180 sx pake mesin v8,0,0,0
alexis17 tuh emang ngerti kebutuhan membernya kasih hadiah,1,0,1
top markotop selalu hadir nonton mas dipo,0,0,0
anggorodps 9 ayo jelaskan dong blok,0,0,0
auto jepey a l e x i s 1 7,1,0,1
biasa youtube bnyak koment yg bagus2 dn like yg bnyak ini kebalikan,0,0,0
siapa yg memenjarakan ahok dulu,0,0,0
inilah pribahasa di atas langit masih ada satelit,0,0,0
dimasseto7248 kamu tau ketawa karir,0,0,0
ayo dong modif motor mas ziko,0,0,0
kebanyakan kata lumayan,0,0,0
suara keramat,0,0,0
mantap banget rejeki ngalir,1,1,1
rezeki d o r a 7 7 bikin senyum lebar terima kasih,1,1,1
tanpa dihina pun memang sudah hina,0,0,0
pengen nangis mobilnya hancur,0,0,0
emang gak se trusted alexis17 sih,1,0,1
daftar maen sebentar lgsng jepe,1,1,1
ke bengkel bg mereka bukan montir atau jasa konsultasi,0,0,0
rezeki a h m a d t o t o sungguh terima kasih tuhan,1,1,0
soft selling yg engga soft soft amat,0,0,1
jika jersey kiper ngeluarin sv nya auto beli dah,0,0,0
di iso speeed,0,0,0
terlalu menyakitkan untuk didengarkan,0,0,0
itu bu valeria senyam senyum karir,0,0,0
link beli dimana,0,0,1
buat yang insomnia coba dengerin,0,0,0
gacur banget wede auto seneng,1,0,1
besok semoga,0,0,0
luar biasa orang baik berkah selalu buat kalian semoga rejekix berlipat ganda dan slalu di berikan kesehatan mandalika77 emang top,1,0,1
tvs callisto 125 coba modif bang kalo merk jejepangan udah biasa,0,0,0
alexis17 penyelamat genting pol,1,1,1
banget dapet sketer,1,0,1
gak kecewa main a l e x i s 1 7 slt on fire,1,1,1
awal kebangkitan cuan pasti di sgi88,1,1,1
ini mah cuma omon omon ndusma,0,0,0
gila pluto88 fyp,1,1,1
seru banget main dewadora hiburannya seru menangnya gacir,1,1,1
lc kabupaten starter pack,0,0,0
weton88 keren banget,1,1,1
update subaru farel anaknya fitra eri,0,0,0
alamak cbr 250 gw kalah harganya sama hp ini,0,0,0
beruntungnya jadi dirimu mas mas,0,0,0
temen gue bilang alexis17 tuh bikin nagih,1,1,1
gak ngabisin langsung gacir dora77 bener bener rezeki,1,1,1
d e w a d o r a gacir abis sekali main langsung pengen lagi,1,1,1
sandymartono7029 pendukung asli muncul,0,0,0
gue sih udah ga heran kalo alexis17 trending sosmed,1,1,1
menghindar pertanyaannya kyk ngehindar debt collector aja,0,0,0
anjer 5 langkah kalah wkwkwk,0,0,0
beneran deh gak nyangka bisa menang terus di alexis17,1,1,1
anjayy ga nyangka gua maxwin dariga ruda ho ki,1,1,1
yang ditunggu tunggu,0,0,0
sayang langsung nabrak,0,0,0
alexis 17 cba maen jekpot gede,1,1,1
one of the best episode,0,0,0
alexis17 tuh emang bener bener beda sistemnya transparan,1,0,1
alexis17 bikin gue beli rumah cash 3 modal 200rb,1,1,1
cocok buat penghantar tidur karena isi nya bualan belaka,0,0,0
akhirnya bertemu juga,0,0,0
orang bilang alexis17 tuh bener bener ngebantu keuangan,1,1,1
keren sih sgi88 main bentar auto jepe,1,1,1
sumpah serius nanya alexis17 beneran sebagus,1,1,1
gila asli mentok kanan banget ini mobil beuh,0,0,0
48 32 paling seneng kalau om mobi udah ngomong hyendeeeeiii,0,0,0
gak nyangka iseng doang eh malah ketagihan sama pulauwin,1,1,1
rasanya seperti mendengar orang berkampanye,0,0,0
emang presiden lu ga kompeten aja,0,0,0
gak ditest gaming rasanya kaya ada yg ganjel,0,0,0
sukaaa bangettt sgi88,1,1,1
temen kantor gue kepo penghasilan alexis17,1,0,0
swert bonanja gacir banget mantul,1,1,1
mobilnya gus iqdam mantab,0,0,0
ngga jelas bgt isinya,0,0,0
rahadiarum7448 wkwk global apa wkwkwk ngaco,0,0,0
gila namanya alexis17 unik banget,1,0,0
hp yang di borong ishowspeed 3 biji di cina wkwk,0,0,0
solusi penghilang stress cuman alexis17,1,0,1
s2000 time attack sama m4 ijo favorite gw sih,0,0,0
bukan selera anak muda,0,0,0
muhardhy realistis kalo pdip mau kalah lagi dan ditipu abah,0,0,0
mantap konten motor gass mass,0,0,0
bilang alexis17 top markotop abis,1,0,0
sketer sering keluar jepek terus jadinya,1,0,0
kalo nggak coba nggak bakal tahu rezeki bisa datang kapan aja di d ra77,1,1,1
18 menit doank pandji kalah catur ama ahok,0,0,0
alexis17 emang ga duanya pelayanan vip member seumur hidup,1,1,1
gokil abis alexis 17 modal dikit hasil gede,1,1,1
berkah rezeki berkat sgi88 puji syukur,1,1,1
a e o 8 8 cuan gmpng mulu,1,1,1
sempet ga percaya eh bener gua maxwin diga ru da ho ki,1,1,1
tebak anggaran ini berapa m,0,0,0
modal tipis gucu r kena jepe,1,1,1
weton88 maen santai aja tetep wedey jutaan,1,1,1
bismillah nabung buat belinya,0,0,0
gua sales emg gokil siga ru da ho ki gacorr der,1,1,1
elegan warna cerah beeeuh kelasss,0,0,0
happy banget main do a 77 menangnya,1,1,1
ownernya nongol nih,0,0,0
banget dapet sketer,1,0,1
keren banget bang salam jepe weton88,1,0,1
gk gk alexis17 bahas,1,0,0
sebagai kaum mendang mending mending pilih byd atau jaecoo mas,0,0,0
jumlah dislike nya ilang,0,0,0
preeeet emang percaya,1,0,0
terpercaya banget menang berkat prediksi pawpaw4d,1,1,1
yudaisme padahal diban karna takut kesaing,0,0,0
p u l a u w i n tuh kayak udah lifestyle ya,1,0,0
hadeew keluar lagi hp,0,0,0
kereennn bageetttt bang,0,0,0
fiktif presiden kok ngasal bicara tanpa data,0,0,0
07 00 koq mirip cerita nya siapa yah wkwkwk,0,0,0
yang di tunggu,0,0,0
alexis17 tuh emang bener bener beda sistemnya adil,1,0,1
makasih mandalika77 seumur umur baru kali ini lihat perkalian merah wd 3 juta modal 60k,1,1,1
gak gagal sgi88,1,0,0
yeaayyyy akhirnya,0,0,0
65inch aja udah gede bener jir,1,0,0
king328 bikin hidup happy,1,1,1
interaksi tak terduga lucunya panji sama ahok,0,0,0
kalo mau tablet yang 1 500 000 yang bagus merk apa ya,0,0,0
dimasseto7248 gila pakar ekspresi datang mangut mangut semua setuju wkwkwkkw,0,0,0
kesini gara2 liat reels ig karena banyak yg dislike,0,0,0
why am i laughing it s not even supposed to be funny,0,0,0
wede lancar banget pelayanan top sih,1,0,0
tapi orang berkuasa yg mau main pasti tidak tinggal diam bung,0,1,0
gak ngeh pak ahok 7x wkwkwkw,0,0,0
edan alexis17 bikin hidup gue simpel asli tenan,1,1,1
emang gak se terpercaya alexis17 sih,1,1,1
kdm ahok 2029,0,0,0
he doesnt care at all,0,0,0
lbwk nih kayaknya,0,0,0
mexico presiden dibeli oleh kartel di indo,0,0,0
iyakan benar kan,0,0,0
ganas slt a l e x i s 1 7 modal narik sejuta om,1,1,1
cuma di sini gak nyangka bisa menang terus di alexis17,1,1,1
keren mas beda 50 jutaan,0,0,0
orang bilang alexis17 tuh life changer banget,1,1,1
akhirnya yg di tunggu2 sgi88,1,1,1
telat 2 jam v,0,0,0
3 jam full yapping jirrr,0,0,0
gue rela begadang malem alexis17,1,1,1
gua member ga ruda ho ki jepee sumpah,1,1,1
buka lembaran bahagia di mandalika77,1,1,1
diplomatis apa emang ngga ngerti pak wkwk,0,0,0
game nya gacor banget lgsng jepek,1,1,1
bisa pula saya rasanya maxwinn itu gimana memanglah asian bngt hari ini kakak sekaligus harus coba bermain di sini weton88,1,1,1
baru coba lgsng makswin,1,1,1
bang video sgi88 terpercaya 5k 1jt,1,1,1
bang kalau mau main di mandalika77 jangan pakai emosi main nya bang main pelan pelan aja bang,1,1,0
seminggu main alexis17 gue udah ganti elektronik rumah,1,1,1
gua sih udah anggep alexis 17 kaya second home aja,1,1,1
gua sih udah ga bisa tidur kalo belum main alexis 17 sehari,1,1,1
user hm5ul7db2x buzzer kali yang gak bisa nangkep argumen orang lain,0,0,0
hidup jadi tenang setelah sho auto jepee pahala,1,0,1
ku kira david ya ngatain,0,0,0
merknya mirip nama adiknya giant film doraemon,0,0,0
jual ginjal ke kamboja,0,1,0
ahok bukan gubernur terpilih dki seperti yang beliau katakan 14 16,0,0,0
storytelling pak ahok bikin mas panji nyaman dengerinnya,0,0,0
keren bngettttt,0,0,0
dewadorabikin lupa beban hidup hiburan bermakna,1,0,0
salfok sama oren lewat belakang,0,0,0
kn tiap orng beda blog,0,0,0
cakep kali weton88 bravo,1,1,1
tadi pagi kena duit o w o 7 7 20k keturahan,1,1,1
omon2 yang tidak mengangkat elektabilitas,0,0,0
bisa opo iki orang kaya gini,0,0,0
otw pildun nihhh,0,0,0
maen lgsng makswin gg banget,1,1,0
rezeki d wadora sungguh terima kasih tuhan,1,0,0
satriapurnamaaji8104 hasilnya apa cuma berita doang,0,0,0
trending 1 gila loooo mandalika77,1,0,1
gue sih udah ga heran kalo alexis17 trending instagram,1,0,0
semoga rezeki dari agustoto ini berkah dan bermanfaat,1,0,0
mobilnya anaknya sahroni yah bang,0,0,0
d e w a d o r amenawarkan pendekatan unik inovatif interaksi daring,1,0,1
gw langsung gas otw beli es teh manis cup harga 3k,0,0,0
lipat itu cepat rusak,0,0,0
bro alexis17 turnamen gede nih hadiahnya apartemen mewah,1,1,1
ternyata ramai yg main di mandalika77 wkwkwk mmg lebih gampang jp sih,1,1,1
menuju indonesa emas,0,0,0
mantap rame banget nih alexis17 tongkrongan,1,1,1
juraganbeat sabar om banyak bener yang ga ngerti,0,0,0
gue rela bolos kuliah demi ikutan event di alexis 17,1,1,1
worst president ever,0,0,0
mencari komunitas penggemar dor 77 mungkin tempatnya,1,0,0
alexis17 tuh emang bener bener beda sih rtpnya super,1,1,1
ribut cx80 d sini ksa udah cx90,0,0,0
alexis17 oh viral,1,0,0
sebulan join alexis17 hidup gue berubah total,1,1,1
kalo alexis17 yg kasih duit,1,1,1
kayak tugas kuliah aku,0,0,0
koyo ngene iki presiden pilihanmu,0,0,0
gue sih yes alexis17,1,0,0
jokojmc dan gw heran kaum 58 tetap muja muja presiden ky gini,0,0,0
orang bilang alexis17 tuh bener bener ngebantu ekonomi,1,0,0
love your comment,0,0,0
sulistyowati el8kl ngegas dari mana mau dong rujukannya share link nya kakak,0,0,1
petir merah muncul terus auto makswin,1,0,1
ruangkarsa di sektor mana belum bisa nanding android pasti jumlah apps,0,0,0
1 00 57 itu no 2 maksudnya siapa yah,0,0,0
ngomongnya muter2 terus tak berbobot,0,0,0
tim nunggu versi kw dari cina juga,0,0,0
mandalika77 bikin senyum gak berhenti mantap pol,1,0,1
bang 50jt bisa bikin tugu biawak di wonosobo,0,0,0
setuju,0,0,0
kece poll,0,0,0
hidup jgn pesimis bro harus semangat tetap optimis,0,0,0
marahin bang wkwkwk,0,0,0
alexis 17 emang ga pernah pelit kalo soal ngasih jackpot ke membernya,1,1,1
emang gak se worth it alexis17 deh,1,0,0
yo apik tenan iki gampang banget dapetnya,1,1,1
matahari kembar,0,0,0
the real kaya wkwk tanpa banyak sponsor,0,0,0
jepe wede gampang banget,1,1,1
kdm ahok 2029 bagi tugas gebrakan dalam dan luar negeri,0,0,0
silvia merah jarang dipake bang sini tuker sama beat karbu,0,0,0
makswin brusan gates seneng banget,1,0,0
dikayh px5wl iya bang si paling tau,0,0,0
minggir lu misquen,0,0,0
beuhh kameranya,0,0,0
cara liat dislike gmn brader,0,0,0
misi pak dari kemarin saya belum faham bapak berperan sbg apa,0,0,0
intinya cuma omon omon doang,0,0,0
bauahahahah kalahh mulu pandjiiiiiii,0,1,1
00 12 enggak bukan d berita tp d om dhiar,0,0,0
seminggu main alexis17 gue udah bayar spp anak setahun,1,1,1
bang video weton88 terpercaya 5k 1jt,1,1,1
jadi pengen beli hp ini semoga ada rejeki nya aamiin,0,0,0
lebih bagus komentar netizen dari pada omongan bapak satu ini,0,0,0
manut88 mimpi besar berani gagal bangkit lagi,1,1,1
bang bahas hp merk baru dari eropa inoi,0,0,0
pinkgangsta6157 sumpah bagian ini kyk ga masuk ke otak aku dlu,0,0,0
mantul banget p u i a u 7 7 7 jepe lagi nih,1,1,1
gas bang bangun motor,0,0,0
jepey trs diweton88,1,1,1
gileee beda dari yang lain suv pake drift,0,0,0
agustoto gua maen bentar aja lngsg wedey gede,1,1,1
gw rungkad mandalika77 wkwkwkw tapi tmn gw yg pada jp di mandalika77,1,1,1
beli langsung 3,0,0,0
settingan para pengawalnya,0,0,0
kepada gojek semoga surgamu cuma makan iklan mu sangat menganggu,0,0,0
daftar maen sebentar lgsng jepe,1,1,1
bertahan di samsung a6 ram 4 32 layar retak,0,0,0
sponsornya keren semua plus overall look mobil ini emang top,0,0,0
kayak konsep tahun 2000 an awal ya airbrush full body,0,0,0
rejeki nambah nggak nyesel nyobain,1,0,1
sama gan entah kenapa nonton ini malah bawaannya ketawa,0,0,0
kerennn contentnya bang cari situs weton88,1,1,1
ya waktu debat sama anis juga kan ngaco dan ngawur mulu pas anis nanya,0,0,0
janganlah khawatir hal apa yang orang lain pikirkan yang amat berarti ialah apa yang kamu pikirkan hal dirimu sendiri mandalika77 mulanya gk percaya sih cocok di buktiin memanglah luar umum website ini gacirnya,1,1,1
yahh udah di hide dislikenya info terakhir dislike nya berapa,0,0,0
bapak tolong kalo lagi bahas sesuatu jangan kemana2,0,0,0
itulah the power of cuan,0,1,1
10 29 pasti lbwk kah,0,0,0
28 10 lancer wagon wakk basic mobil apa tuh yg di swap,0,0,0
thanks bang bisa makin kebuka pandangan lainnya good job,0,0,0
tau dapetin cuan gampang ya alexis17,1,1,1
sekali2 bahas kartu sd yg baik dong bang,0,0,0
sumpah ngomong apaan sih,0,0,0
saya terhipnotis presiden sebelumnya sehingga buta akan kebaikan,0,0,0
terus what should you do pak,0,0,0
main santai di agustoto eh malah dapet jakpot besar gak mau ketinggalan lagi,1,1,1
bersama mandalika77 ciptakan 3 17 keajaiban,1,0,1
akhirnyaa salam sgi88 gampang jepe,1,1,1
ngak punya kapasitas,0,0,0
modal kecil wede besar gacir abis,1,1,1
iya anjer gk nyambung bgttt jd kesel sndiri gw dngerinnya,0,0,0
duh mba denza,0,0,0
kevin de mruyne,0,0,0
bermain dip l u t o 8 8 uang jajan nggak habis habis,1,1,1
makswin brusan gates gg banget,1,1,1
sis kalo proyek alexis17 juaranya,1,0,1
abis liat di ishow speed muncul ini,0,0,0
lha iki kan asline bakul bis hanya hobi canda mas wahid,0,0,0
seminggu main alexis17 gue udah ganti smart tv,1,1,1
emang gak se worth it alexis17 sih,1,0,0
gak khawatir duit kalo udah gabung alexis17,1,1,1
suka bener kalo ngomong,0,0,0
notif langsung nonton habis jepe s gi8 8,1,0,1
komennya langsung diserang buzzer nya 1 1 100,0,0,0
lanjut vivo v50 lite mungpung masih hagat,0,0,0
dor 77 menawarkan kesempatan menguji kemampuan,1,1,1
bro alexis17 turnamen gede nih hadiahnya milyaran,1,1,1
02 00 pulau777 gampang banget buat dicoba,1,1,1
nungguin review mobilnya mas dipo yg crass di iven drift kmarin,0,0,0
ziko agi bintitan kah,0,0,0
haha bowoktok de tok,0,0,0
the power kak najwa,0,0,0
semangat bang konten nya salam sgi88 gampang jepe,1,1,1
soleh solihun versi politisi lucu dan berisi banget pak ahok,0,0,0
out of topic kamera yg nge shoot ke arah pandji ngga nge record,0,0,0
jogetin aja udah dek pilihan jawir itu,0,0,0
agustotomemang daebak jp nya bikin speechless,1,1,1
09 00 epic moment sih gokliisss,0,0,0
cs ramah proses gampang pokoknya oke,1,0,1
membosankan,0,0,0
rezeki berkah99 emang gak terduga terima kasih ya tuhan,1,0,0
gak ngebosenin sih gue tetep stay pulauwin,1,0,0
meded pisan bro mantaaaaaapppp,0,0,0
cara bikin timestamp begini gimana sih,0,0,0
mantap jiwa emang alexis17,1,0,0
remuk kayanya kmaren bang,0,0,0
bandar sgi88 auto sultan gacur,1,1,1
gasss konten motornyaaa,0,0,0
nemu ayam goreng atau ikan aja sebulan sekali juga gak,0,0,0
tahi sekali,0,0,0
keberuntungan bikin cinta dora 77 thank you,1,1,1
semangat bosqu terbaik weton88,1,1,1
salut editornya ngedit 3 5 jam,0,0,0
gue rela begadang sampe pagi alexis17,1,1,1
auto jepey alexis17,1,1,1
serius nanya deh alexis17,1,0,0
jangan ngehate mas gibran,0,0,0
alexis17 emang ga matinya rame promo,1,0,1
alexis17 emang daun banget gila sih serius,1,0,0
bang pesen sama orang gudang lebih murah redy cepat,0,0,1
sudah nonton full mas,0,0,0
maen lgsng jepek modal aja,1,1,1
gokil banget gua suka bgt sama video video di channel lu bang,0,0,0
emang gak ada yang se recommended alexis 17 deh,1,0,1
orang ini yg dpt kerja karena koneksi bapaknya,0,0,0
makasih banyak gust t hari ini benar benar gacir banget,1,1,0
makasih ya clipper tara arts dan gema show,0,0,0
keren banget alexis17 selalu kasih kejutan seru,1,0,0
keren habis si,0,0,0
argaviyatayudha21 baru kali ini tidurku lebh nyenyak dawg presiden kita jago yapping,0,0,0
ada jg mas tow hook yg nempelnya pake lem doang,0,0,0
modal minim banget kontennya,0,0,1
bicara tapi bingung yg bingung yg bicara hadeuh,0,0,0
jadilah versi terbaik dari dirimu sendiri manut88 mendoakanmu,1,0,0
maen lgsng makswin gg banget,1,1,1
pagi pagi udah dapet notif wd alexis17 mood langsung minggu,1,1,1
fokus nonton video fokus baca komentar,0,0,0
temen kampus gue heran liat gue sukses gara gara alexis17,1,1,1
nice link bagus alexis17,1,1,1
a l e x i s 1 7 emang berbeda,1,1,1
bro bilang alexis17 top markotop,1,0,1
alexis17 bikin hidup gue simpel asli,1,0,1
temen kantor gue kepo penghasilan alexis17,1,0,1
plek ketiplek,0,0,0
alexis 17 gua maen bentar aja lngsg wedey gede,1,1,1
redi dijual mesin 2jzgte 108 biar bisa kyk garasidrift man,0,0,0
cakep kali weton88 bravo,1,0,1
ngeh kalo alexis17 sekeren serius,1,0,0
semoga nanti saya bisa bilang mobil 100jt an itu murah seperti mereka,0,0,0
semoga ahoh sehat sehat terus karena nafasnya terdengar semakin berat,0,0,0
gabung alexis17 seminggu udah ganti hape,1,1,1
ayokkk bus pariwisata area jaw tengah gercep,0,0,0
06 15 mantap jiwa berkah99,1,0,1
sehari join alexis17 gue udah dapet cuan dp rumah,1,1,1
bro alexis17 tuh emang mantep banget gue udah buktiin,1,1,1
jepey trs diweton88,1,0,1
main situs segacor weton88 asli nagih sih,1,1,1
crosstrek mana bang,0,0,0
gw coba alexis17 yg lg viral 100rb 3jt sampe sejam,1,1,1
knpa gak ada sesi testing,0,0,0
187 697 orang tercepat,0,0,1
yng ditunggu tunggu damnnnn,0,0,0
semoga amal ibadahnya terima sisi tuhan,1,0,0
buahaha saya hanya mampir baca koment videonya saya pause,0,0,0
rizkyanihidayat7110 ngga baiknya seolah2 tau,0,0,0
anak abah2,0,0,0
p l u t o 8 8 sukses bawa pengalaman main berkelas,1,1,1
pulau 777 tempat para pemenang berkumpul,1,1,1
setuju aceh bertiga,0,0,0
geloo weton88 cair x100,1,1,1
gantian dong wapresnya begini ya ditunggu edisi selanjutnya,0,0,0
emak lu sekeluarga kali stunting,0,0,0
niat banget copasnya face blue smiling,0,0,0
pulauwin ini bukan kaleng kaleng sih beneran meledak,1,0,1
emang gak obatnya sih keseruan main alexis17,1,1,1
orang bilang alexis17 tuh bener bener ngebantu keuangan,1,1,1
ngelag enggak wd jalan terus p u i a u 7 7 7 emang top,1,1,1
cakep kali weton88 bravo,1,0,1
gua sih udah pasang alarm khusus buat jam gacor alexis 17,1,1,1
yaaaah fufufafa nongol,0,0,0
kereeennn bgtt bang obell,0,0,0
keren banget bang salam jepe sgi88,1,0,1
broom 404 yaah generasi gk berguna move on doong,0,0,0
pemimpin suram,0,0,0
apple punya usa di cina cuman rakit karena biaya produksi murah,0,0,0
bayangkan jika huawei tidak dibanned google damn,0,0,0
jgn kayak buzzer 02,0,0,0
kalo suara koh ahok kagak serak udah jadi presiden dia keknya,0,0,0
iya benar jangan2 jawabannya lebih hebat ngelanturnya,0,0,0
bermain gustoto membuka jalan tukang jahit pengusaha sukses,1,1,0
swert bonanja gacir modal kecil jepek,1,1,1
udah craas aja mobil nya,0,0,0
ngomong opo ae ngomong tapi nggak tau maknanya cuma ngomong,0,0,0
sangat terlihat otoriternya,0,0,0
masterpiece,0,0,0
alexis 17 gampang banget dapet hasil gede gk ribet,1,1,1
the king of aerox,0,0,0
gak mau ngabisin waktu langsung gacir di mandalika77 ini baru bener bener rezeki,1,1,1
seru nich weton88 cair,1,1,1
berkat dora 77 melesat pegawai harian bos usaha,1,1,1
wkkwkw gua masih make samsung j5 buka youtube aja lewat chrom,0,0,0
lha 58 itu cuma tamat sd smp mereka hanya tahu bansos blt,0,0,0
setuju bro gabedanya cherry group yg udah akusisi range rover,0,0,0
udh pasti crf ditinggal sekebon,0,0,0
koislot bikin pemula langsung pede,1,1,0
spg nya denza cakep buangett,0,0,0
suported apa suportif sih yg bener seriusnanya,0,0,0
buzzerrp lagi kurang bayarannya jadi dislike ya parah ndak setia,0,0,0
oke mandalika77 gas gas gas,1,0,1
fufu fafaaa,0,0,0
coba mobil listrik mas,0,0,0
main situs segacor sgi88 asli nagih sih,1,1,1
mantap betul ahh kalau gini gak sia sia deh gua main di mandalika77 keren pokonya,1,1,1
pulauwin orang sih,1,0,0
masalah kalian akan selesai di alexis17,1,1,1
kosong,0,0,0
m a n u t88 emang terkenal gak pernah nanggung kalau turunin petiirr,1,1,1
ngelag wd jalan alexis17 emang top,1,1,1
puas rebahan yuk rebahan berfaedah pu lau tujuh tujuh tujuh,1,0,0
kpn punya pemimpin seperti ini begitu banyak solusi,0,0,0
itulah kritik membangun lanjutkan,0,0,0
bareng bareng dilaporkan ke youtube aja yuk,0,0,0
tak ada yang bahas perampasan aset koruptor ya serius nanya,0,0,0
emng bener kemarin udah coba probet gas ahh sgi88 kawan berbuah manis,1,1,1
sehat rezeki sgi88,1,1,1
harga di tokped 99 juta bjirr,0,0,0
wihhhh,0,0,0
lsg gicir modal seadanya b r o,1,1,1
alexis17 emang beda,1,0,0
seperti melihat 4 buta megang gajah gtu ya,0,0,0
hahahahahahahahahahahaha,0,0,0
hahaha demo nya dibayar katanya,0,0,0
kembaran brziko,0,0,0
maen swert bonanja sketer terus terusan,1,1,1
ga crostreck lagi,0,0,0
berisik pada iri previlege tp berprestasi di inter why not,0,0,0
lieur ach,0,0,0
ahok kdm,0,0,0
iya cuy sama,0,0,0
baru maen langsung mekswin di dewadora,1,1,1
senang banget bisa dapet rezeki hari ini dari dora77,1,1,1
mau tanya abang2 danantara itu fungsinya buat apa ya,0,0,0
ahookkk cintakuuuu,0,0,0
mending poco x3,0,0,0
tunggu yg 6 lipat,0,0,1
ini sih niat bgt jirrrr keren,0,0,0
nice banget bang,0,0,0
awowkwkwkwkkw mana bisa jawab,0,0,0
punya farrel kapan di garap,0,0,0
3 jam wowok yapping ngalor ngidul,0,0,0
ngeri bang gk bisa lepas,0,0,0
tyota supra nya platinum bodykit nya mantep bgt,0,0,0
seru liat komennya,0,0,0
the real sultan,0,0,0
wah baru denger tentang a l e x i s 1 7 langsung penasaran dong,1,0,0
top mantap is the best bang rifatq,1,0,0
p l u t o 8 8 modal hasil maksimal,1,1,1
gue rela begadang malem main alexis17,1,1,1
kenapa ga build impreza aja sih,0,0,0
seminggu main alexis17 gue udah ganti drone,1,1,1
50jt bagi 3,0,1,1
18 29 mbak irene bang pandji minta tolong dimarahin ya,0,0,0
yapping bang,0,0,0
24 20 ganti judul aja bang skakmat dalam 7 langkah,0,0,0
emang gak se mantep alexis17 deh,1,0,0
dari mana duitnya,0,0,0
cair kakak mantap banget cuan sgi88,1,1,1
terima kasi rezekinya sgi88,1,1,1
only talk but no action,0,0,0
ridwan ld4gk dengerin ga sampe akhir,0,0,0
jepe terus tiap hari situs terbaik,1,1,1
kemenangan valid settingan p l u t o 8 8 emang gacor,1,1,1
cakep parahhhhhhh,0,0,0
13 51 misi bang yaaa,0,0,1
bosnya aja jawab ngalor ngidul gimana anak buahnya,0,0,0
ngakak ini,0,0,0
mobil barunya gus iqdam,0,0,0
emng bener kemarin udah coba probet gas ahh sgi88 kawan berbuah manis,1,1,1
rame banget nih alexis17 tongkrongan,1,0,0
whahahahha akhirnya monthly bos,0,0,0
dan aakhirnya david jajal huaweiiii,0,0,0
respect bang sadad sama erspo,0,0,0
alexis17 bikin hidup gue simpel asli sumpah,1,0,0
karena kalo ada salah salah ngomong bisa dicut,0,0,0
kenapa dislike disembuyiin tong,0,0,0
new armada r22 cakep,0,0,0
keberuntungan bener bener gacir d ra77 nggak nyangka,1,1,1
lagi otw ngayal,0,0,0
cuihhh gitu katanya fufufafa hehehe,0,0,0
pengen beli tapi kalah sama kebutuhan,0,1,0
satirnya sadis juga agan ini wkwkwk,0,0,0
mayoritas masyarakat kecewa dengan kebijakan bapak terimakasih,0,0,0
hp jual gengsi sampai semahal itu,0,0,0
yang setuju setelah ini giliran gibran like,0,0,0
menang di jersey doang beli gas masih antri,0,0,0
mantap bg bimo,0,0,0
mandalika77 bikin main jadi seru dan cuan gak berhenti mengalir khususnya dengan event scater zeus,1,1,1
mulai hari dengan semangat positif di mandalika77,1,0,1
kali ini saya sangat mengapresiasi orang2 yang ngedislike video ini,0,0,0
gaes alexis17 tuh kayak cheat code urusan ginian,1,1,1
solusi penghilang stress cuman alexis17,1,0,1
generasi muda bonus konstitusi,0,0,0
agustoto tiap main pasti ada aja jackpot luar biasa,1,1,1
wede 50jt cepet banget prosesnya alexis17,1,1,1
alexis17 bikin hidup gue simpel asli gila,1,0,1
pasti anak abah wkwkkwk,0,0,0
episode terkocak,0,0,0
undang wapres juga donkkkkk,0,0,0
gak bosan main alexis17 menang,1,1,1
malem gue nungguin update alexis17,1,1,1
sayang banget ini upload tapi udah crash,0,0,0
alexis17 emang ga duanya pelayanan super cepet wd lancar jaya,1,1,1
2 25 langsung di sgi88 bang,1,1,1
bang spiker nya lupa di tes,0,0,0
emang gak se fair alexis17 deh,1,0,0
wede gampang situsnya terpercaya banget,1,1,1
perut nya aga kempesan om,0,0,0
10 12 masa ngga tau berkah99 si tempatnya para pemenang,1,1,1
bangun motor bang kali,0,0,0
crosstrek jumat ye,0,0,0
gue rela ninggalin platform fokus alexis17,1,1,1
ditunggu pak ahok untuk jdi presiden kami menunggu,0,0,0
yang di idam kan,0,0,0
tigo 8 masalahnya apa aja ya,0,0,0
24 33 dan kemudian berdua marah marah hahaha lol,0,0,0
kalo udh jumpa om mobi seru,0,0,0
temen gue bilang alexis17 tuh bikin kecanduan,1,1,1
sumpah maen udh hoki,1,1,1
besok pagi beli ah,0,0,0
ayolah jangan didislike kasihan dia bacanya aja susah,0,0,0
kau diam,0,0,0
honda accord warna item,0,0,0
gacha receh sob berjuang beneran gak dosa,1,0,1
like nya keliatan kok dislike nya gak muncul ya,0,0,0
voters 02 kan iq 58,0,0,0
sgi88 maen santai aja tetep wedey jutaan,1,1,1
bro alexis17 tuh emang mantep banget gue udah buktiin,1,1,1
1 36 42 the road is still long bang,0,0,0
menang pawpaw4d prediksinya benar benar mantap,1,1,1
maizarindra498 ngakak maaf gak saya aminin ya hehehe,0,0,0
main cerdas p l u t o 8 8 hasilnya berbicara,1,1,1
salfok sama filanonya,0,0,0
alexis17 bikin gue lunasi utang seminggu modal 100rb,1,1,1
gacir banget main weton88,1,1,1
bukan main di sini uk t 888 selalu jepeee,1,1,1
kacau masbray itungan nya gak pernah melenceng tidak pernah merugikan member selalu memperkaya member itu mandalika77,1,1,1
yakin 60 bukan 6 wkwk,0,0,0
rezeki nomplok hari ini datang dari dor 77 bener bener puas banget,1,1,1
nungguin buzzer yg bisa lawan,0,0,0
gw udah coba guys sgi88 cair mulu,1,1,1
bilang indonesia gelap matamu yang gelap,0,0,0
susah laku kalau nggak 7 seater,0,0,0
menang nya ga banyak yang penting ga bikin aku rungkad naik sikit quot lama lama menjadi bukit ini buktinya aku udah menang di mandalika77 di sambar sama kake zeusss wkkwkw,1,1,1
angeliart rezim kok dibela harga diri lu serendah 700 perak per komen,0,0,0
fee ridwan hanif kali ini pasti menarik bgt,0,0,0
gak takut ditipu kalo main alexis17,1,1,1
itu anti gores nya gimna ya,0,0,0
orang bilang alexis17 tuh bener bener ngubah nasib,1,1,1
sketer terus keluar auto wede tiap hari,1,1,1
retorika yg tak tau arah nya mau ngapa dn mengapa,0,0,0
50 juta aja bree,0,1,1
kdm ahok cocok,0,0,0
iphone ketar ketir liat ini,0,0,0
nabrak bang,0,0,0
akhirnya ga pake btp lagi ya,0,0,0
sama wkwkwkw,0,0,0
pro aja bang sgi88,1,1,1
technologia,0,0,0
wowo jawaban mu tidurku jadi nyenyak,0,0,0
gg lu bang,0,0,0
rezeki melimpah alexis 17 makasih,1,1,1
pagi pagi udah dapet notif wd alexis17 mood langsung seharian,1,1,1
belum beli aja uda seneng banget gimana klo uda munyain,0,0,0
petir merah gates bikin mekswin,1,0,1
sobat kuliner oh iya ahok dan kang dedy mantep tuh,0,0,0
semangat bosqu terbaik pluto88,1,0,1
gw kesini mau dislike doang,0,0,0
sehari join alexis17 gue udah dapet cuan beli motor,1,1,1
santai main hasilkan cuan pilih mandalika77,1,1,1
bro alexis17 ngadain giveaway nih hadiahnya motor sport terbaru,1,1,1
gue sih udah buktiin kehebatan alexis17,1,0,0
jadi gejala awalnya bagaimana,0,0,0
newpedia2541 5 10 tahun itu seumur hidup untuk pasar teknologi,0,0,0
mba irene pasti kecewa berat,0,0,0
hasil jepretannya mantep gilaa,0,0,0
anggorodps 9 buzzer ya niat banget balesin hampir semua komentar,0,1,0
coba weton88 gak ribet salam petir x 500,1,1,1
gini dong 1 minggu 2x hahaha,0,0,0
seminggu join alexis17 gue udah beliin ortu ac,1,1,1
jepey weton88 beneran,1,1,1
emang gak se reliable alexis17,1,1,1
good luck bang dipo dan subaru garasi drift,0,0,0
pandji ko sama ahok 24 23,0,0,0
kdm jangan di masukin jabar masih butuh sosok beliau,0,0,0
ngang ngong ngang ngong doang udah yapping nya,0,0,0
weton88 uhuy,1,1,1
seminggu main alexis17 gue udah bayar cicilan rumah,1,1,1
gibran cari aman itu,0,0,0
barang2nya recaro emang bestt sihh jadi kerenn bangett inii,0,0,0
muter muter muter,0,0,0
kirain hari jumat karna garasi drift upload wkwkwkwk,0,0,0
cortex gak d bahas ya,0,0,0
keren pak ahok,0,0,0
baru sehari join alexis 17 gue udah dapet cuan buat beli motor,1,1,1
crostrek kami manaaaa,0,0,0
di menit berapa bu uni lubis nyeletuk supersemar,0,0,0
bener2 jatuh cinta desain aston martin,1,0,0
pelayanan alexis17 cepet banget sih,1,0,1
modal receh makswin gg sih,1,1,1
tetap konsisten pak prabowo konsisten ngelantur nya,0,0,0
sepeda udah ga maen golf,0,0,0
ini mah buah jatoh nyangkut di pohonnya,0,0,0
beli motor scoopy 2,0,0,0
jepe pertama kali maen auto betah,1,1,1
makanya di ban gms takut kalah saing,0,0,0
permainan tenang hasil salute player p l u t o 8 8,1,1,1
menantang diri sendiri untuk tidak tertawa membaca komen,0,0,0
ngga pengen warga pny wapres kamu bran tp ya kejadian,0,0,0
ubur ubur ikan lele alexis17 nih lee,1,0,0
setuju nih modif motor,0,0,0
ziko pngen jadi ngabres 9 40,0,0,0
gua lebih suka selain jawa yang memimpin,0,0,0
2tq brio dulu yg pernah ku kerjakan 2017,0,0,0
bermain bersama teman teman di sgi88 semakin seru dan asyik semakin banyak pula rezekinya,1,1,1
gue rela begadang sampe subuh alexis17,1,0,1
asli merinding pas bagian reveal mobil nya,0,0,0
rb26 n a sayur tanpa garam,0,0,0
sp12er trending no 1 di tonton oleh orang yg mau tapi ndk punya,0,0,0
lagi nungguin crosstrek garasi drift,0,0,0
alexis17 superrrrrr bosku gac0r melayang,1,1,1
mobilnya gus iqdam,0,0,0
justru lebih bangga kalau jalur prestasi,0,0,0
jangan lupa basmi ormas dan tukang parkir mas,0,0,0
nah ini kalimat yang tepat,0,0,0
uda ngatain orang pake emot minta maaf lagi gada mental kah,0,0,0
alexis17 emang ga duanya pelayanan super kilat wd lancar,1,1,1
modal wede gacir abis,1,1,1
bro alexis17 ngadain giveaway nih hadiahnya gadget terbaru,1,0,0
bapak kau ke pulauwin,0,0,0
mode merakyat,0,0,0
gue sih udah buktiin keajaiban alexis17,1,1,1
37 15 obrolan bapak2 jam 2 pagi,0,0,0
bukan provokasi tapi emag nyata gak mutu episode sudah tapi belum,0,0,0
stop judi gaes,0,0,0
bang review pick up lbwk dong awoakwoakw,0,0,0
nanya kebengkel bg,0,0,0
cakep amat,0,0,0
numpang tanya dealer nya gabung ngak sama dealer cherry om,0,0,0
ahok anies baru oke,0,0,0
boleh ga beli 3 sekaligus klo ga boleh ga jadi nih,0,1,0
intinya asal tampil ngomong apa gak tau dah,0,0,0
realitanya yang penting mesin awet saat balapan dia akan menang,0,0,0
blunder terbesar wowo adalah membuat acara ini,0,0,0
kereeen,0,0,0
ko ngga hari jumat,0,0,0
yuriahgunadi6119 emang kamu ngeh,0,0,0
lcd flexible rawan bang fix bukan buat kaum mendang mending,0,0,0
3 bang salam jepe a l e x i s 1 7,1,0,1
baru ini presiden yg mau terbuka dan mejelaskan,0,0,0
gak ngalahin serunya main alexis17,1,1,1
mantap jiwa raga main di dora77 cuan terus menerus tanpa ada jeda,1,1,1
semangat terus bg dipo,0,0,0
alexis17 oh viral tenan,1,0,0
0 32 minggir lu miskin,0,0,0
kaizenteam7 respect ini nih,0,0,0
bandara swasta itu berbahaya bagi kedaulatan ga siy,0,0,0
alexis17 tuh emang bener bener ngasih peluang orang sultan sejati,1,1,1
ya intinya kalau ada spam judol langsung report aja,0,1,0
kebangkitan cuan weton88,1,1,1
help i cant take it anymore,0,0,0
dapet scatter hitam k o i s l o t saldo langsung bengkak,1,1,1
komen judolnya om tolong di kondisikan,0,1,0
eh bro alexis17 event spesial nih hadiahnya rumah mewah,1,1,1
lah ini dia ngelantur,0,0,0
kebangkitan cuan sgi88,1,1,1
baru tau pabrik erspo di bdg sy orng bdg aja ga tau,0,0,0
banget dapet sketer,1,0,0
gak usah banyak bicara l kau bilang 10 kata salahmu 45,0,0,0
gini contoh sdm rendah nggak ngerti isi pembicaraan presiden,0,0,0
24 24 apa sih,0,0,0
absenn massss,0,0,0
gak skill jago menang alexis17,1,0,1
9 26 langsung tamat kek nya kalo modif motor,0,0,0
apaan jangkauan kecil,0,0,0
main bareng temen p u l a u w i n emang seru,1,0,0
diberkahi kakek zeus nikmat ampun mandalika77 toppppp,1,1,1
dewadora maxwin pecah terus,1,1,1
emang gak se fair alexis17 deh,1,0,0
sayangnya chipset masih ampas,0,0,0
keberuntungan bikin cinta gustoto hasilnya,1,1,1
oke gas oke gas nomor 2 torang gas,0,0,0
gagah banget,0,0,0
alexis17 real tuh dah gw coba bnrn gac0r,1,1,1
m i y a 8 8 kasih pengalaman main beda seru,1,0,0
sama gue juga nyumbang 1 dislike,0,0,0
wede cepat dan proses gampang recommended,1,1,1
sesi ngalor ngidul yang sangat berisi,0,0,0
busett cerahh banget weton88 encess koinya ngasih mulu,1,1,1
seminggu join alexis17 gue udah beliin ortu kulkas pintu,1,1,0
makasiii banyakkkk,0,0,0
seminggu main alexis17 gue udah ganti kulkas pintu,1,1,1
md btp 2029 cocok ini,0,0,0
rame banget nih alexis17 tongkrongan sih,1,1,1
setujuh banget,0,0,0
klo kamu gak yakin dgn keputusanmu buat apa ngambil keputusan,0,0,0
sempet ga percaya eh bener gua maxwin diga ru da ho ki,1,1,1
honda maestro juga bisa belok juga roda blakang nya,0,0,0
alexis 17 emang paling top dah ga pernah bikin kecewa,1,1,1
mau dong mandalika77,1,1,1
anggorodps 9 buzzer teriak buzzer,0,0,0
seminggu join alexis17 gue udah beliin ortu hp,1,0,0
tim gercep alexis17 nih,1,1,1
gw lg di toko hp bang lgi milih warna mau beli 2,0,0,0
bawa powerbank bang,0,0,0
hasil gacir dora 77 bikin seru mantap banget,1,1,1
absen dari hoki777 kalian dari mana aja,1,1,1
gue udah ga bayangin hidup alexis17 udah sumber penghasilan,1,1,1
rangka esaf minder tuh,0,0,0
1 jt views maka 1 jt calon pembeli,0,0,0
auto emosi,0,0,0
gue sih udah ga move on alexis17 gacor bikin kecanduan,1,1,1
hm dari bahas mbg lalu pangan tiba2 bahas yg lain,0,0,0
best ever,0,0,0
om review mobil koenigseg jesko yg baru datang di tda dong,0,0,0
bng coba game zeus x 1000 sgi88 gampang bet pecah,1,1,1
jepe kali maen puas banget,1,0,0
isi konten tulang semua lebih daging komennya ahahahahhah,0,0,0
2029 gibran bahlil siap mengguncang,0,0,0
salam sgi88 gampang jepe sehat,1,1,1
di hp kok ga keliatan ya yg dislike brp,0,0,0
saya salah 1 org yg dislike dr puluhan ribu lain a masssssss,0,0,0
jawaban prabowo seperti bercerita dan membantah,0,0,0
gak pake anti gores tapi pake skotlet,0,0,0
pengen beli besok tapi pas liat jarak tempuh nya pendek cancel aja,0,0,0
intinya muter2 cari penumpang,0,0,0
main d w dora bikin kantong tebal rezeki melimpah ruah,1,1,1
kalau ahok anis baru saya setuju,0,0,0
manonthemoon1204 uuuhh sakit banget,0,0,0
bedanya alexis17 ya pokoknya,1,0,0
maen santai big win,1,1,1
ada mobil si tampans semua wanita dpt dimiliki dan fokus karir,0,0,0
duo bapak bapak duta persahabatan otomotif,0,0,0
bolehh tuhh modif motor,0,0,0
aku yg baru pertama nonton video ini langsung cek kolom komentar,0,0,0
gimana ndji keren gk pak ahok,0,0,0
saya depo barusan 3x dan wdnya sudah 7 kali di mandalika77,1,1,1
gak pengalaman menang alexis17,1,1,1
kerjaan numpuk bikin mager butuh semangat alexis17,1,0,0
setelah pak presiden next wakilnya boleh yaaa,0,0,0
gila updatean alexis17 keren gokil banget,1,0,0
absen hoki777 aja,1,1,1
silap admin juga ngak minta no akun buat bukaan,0,0,0
rezeki gak putusnya makasi alexis17,1,1,0
triton cakep banget,0,0,0
coba weton88 gak ribet salam petir x 500,1,1,1
kebangkitan cuan sgi88,1,1,1
gak pusing mikirin biaya nikah kalo udah join alexis17,1,1,1
anies jauh di bawah pak basuki,0,0,0
si paling tercepat,0,0,0
cuma buat bikin kesel,0,0,0
mhhaekal dia mah emang caper aja itu akun punya dia sendiri coy,0,0,0
bang kapan crosstrek jadi bang,0,0,0
alexis17 penyelamat genting,1,1,1
ngomong kayak kumur kumur gk ada manfaatnya,0,0,0
gue sih udah ga heran kalo alexis17 trending instagram,1,0,0
lebih baik tanya ke yt dokter mobil indonesia aja,0,0,0
gokil ko ruby wkwkwk makasih sudah meluangkan waktunya,0,0,0
jepey gmpng banget weton88,1,1,1
cumi2 g ada bang,0,0,0
pulau777 tampilannya elegan banget,1,1,1
douzheng bintangtodjoe terus bernegara yg baik harus ikuti katamu,0,0,0
dora77bikin hidup lebih berwarna rezeki datang silih berganti,1,1,1
yang lain kerja ini malah kampanye,0,0,0
main agustoto nggak nyangka rezeki langsung sekejap,1,1,1
gercep banget,0,0,0
sama saya juga,0,0,0
rezeki alexis17 makasih keberuntungannya,1,1,1
salut bang keren kontennya salam jepe sgi88,1,0,1
sehari join alexis17 gue udah dapet cuan dp rumah,1,1,1
banjaran pt greentex,0,0,0
emang gak obatnya sih keseruan alexis17,1,0,0
gue sih udah ga heran kalo alexis17 trending sosmed,1,0,0
ada kawan saya katanya di samarinda ampe skrg blom dpt,0,0,0
comeeee on,0,0,0
sabar bang ngadepin otang fikiran pendek,0,0,0
alexis 17 emang ga ada matinya tiap hari makin rame aja,1,0,0
harga jaecoo j7 mirip sama zenix,0,0,0
kereeeennnnnnnnnn,0,0,0
skill combo keren parah alexis17 terpukau,1,0,0
9 33 gass mas bikin modifikasi motor bosan mobil terus,0,0,0
up,0,0,0
ini langsung di operasi in operator no cut ga ada edit after nya,0,0,0
gue cek notif alexis17,1,0,0
yok om mobi om fitra dan om ridwan ke aceh,0,0,0
menit ke 34 kata abang ojol bang udh bang gw bkn lawan lu,0,0,0
the goattt,0,0,0
langsung panas dingin,0,0,0
sebulan main alexis17 gue udah dp mobil mewah,1,1,1
anjir udh serius asik tiba2 skakmat wkwkwkkw anjer wkwkkw,0,0,0
a l e x i s 1 7 emang top dah ga bikin kecewa sampe kiamat,1,1,1
jiwa pedagang memang,0,0,0
korneliahae jadi bagian orng2 skeptis aja bangga bener mbak,0,0,0
bener bener nyeleweng jawabannya pas dicecar malah habis waktunya,0,0,0
mending j2 prime gak sih,0,0,0
masterpice telah tercipta,0,0,0
temen gue bilang alexis17 tuh bikin nagih abis,1,1,1
pernah pakai huawei zaman huawei jiplak blackberry,0,0,0
tinggal ganti kaki jadi mobil relly,0,0,0
ngomong apa jawab apa,0,0,0
harusnya 8 lipat sih biar sekalian jadi monitor,0,0,0
dapet perek uzbek 5 biji itu,0,1,1
makin ngawurrr,0,0,0
review silvia rb,0,0,0
mobil oke tapi kurang di interior tombol fisiknya minim,0,0,0
emang gak se seru alexis17 deh,1,0,0
gak malu kah gw malu bngt co indonesia dipimipin kaya gini,0,0,0
berkembang arhan semangattt salam weton88 gampang jepe,1,1,1
emang gak ngalahin serunya alexis17,1,0,0
gue sih udah anggep alexis17 kaya rumah aja betah banget mainnya,1,1,0
andai huawei pake android produsen hp lain pasti terguncang,0,0,0
seharga monumen biawakkkk gaiss,0,0,0
baru seminggu join alexis 17 gue udah bisa beliin ortu kulkas baru,1,1,1
aktivitas pulauwin pelarian asik,1,0,1
thumbnainya diganti ya,0,0,0
ngomong yg penting yang penting ngomong,0,0,0
akhirnya yg di tunggu2 weton88,1,1,1
admin judol ya lu izurzuhri,0,1,0
nyesel pilih prabowo,0,0,0
bla bla bla ble ble ble blu blu blu,0,0,0
wallahi we doomed,0,0,0
kereeen bgt dipoo,0,0,0
terimakasih mandalika77 menang super hoki keren tepercaya dan nyata,1,1,1
pulau777 tampil dengan desain modern,1,0,0
gw demen gas weton88 wkwkwkww seru sering2 sih mah,1,1,1
gue sih udah buktiin kekuatan alexis17,1,1,1
turu aja mas,0,0,0
gue nyari resep mie goreng yang keluar malah iklan p u l a u w i n,1,0,0
weton88 uhuy,1,1,1
modal untung d r 77 mantap banget,1,1,1
ngomongin alexis17 ikutan kepo,1,0,0
selamat mas dipo atas kerja kerasnya tim nonton doang komen kagak,0,0,0
belum nemu bro nanti di part berikutnya kali mikir positif aja dlu,0,0,0
anam1431 bisa aja sayah,0,0,1
croxell00 yang jelas selain 02,0,0,0
ditunggu review supra nya,0,0,0
maen lgsng jepek wede lancar banget,1,1,1
wkwkwk ngalir aja gt santai,0,0,0
kesini cuma pengen baca komen aja tp videonya gak tak lihat muak,0,0,0
swert bonanja gacir hari ini mntp,1,1,1
disini terlihat dimana yg pure jurnalis,0,0,0
kencengan mana sama 2gd,0,0,0
ketinggalan 4 menit,0,0,0
kesini cuma buat mau bacain komentar nya maaf ya,0,0,0
kreator yg bahas ngarang banget game bikin orang bangkrut hrm,1,1,0
dari pada beli hp mahal mahal mending duit nya buat michat,0,1,0
ndasmu gelapp,0,0,0
undang bang adiaaaannn,0,0,0
jepe wede gampang banget,1,0,1
isi kosong bikin bete,0,0,0
ahok anis baru ok,0,0,0
0 03 keren coba bang gas sgi88,1,1,1
pulau777 tampilan keren fitur lengkap,1,0,0
bayangkan ivan motors masukin aston martin one 77 gokil,1,0,0
si alexis17 rajin banget udah rebahan pagi,1,0,0
auto jepey weton88,1,1,1
weton88 bikin maxwin gampang,1,1,1
di hapus lagi link w,0,0,0
jepe trs tiap hari cuma di dora77,1,1,1
buat penjara untuk koruptor di gunung anak krakatau pak presiden,0,0,0
34 42 backsound lama telah kembalii,0,0,0
gila pajaknya di china 30 juta masuk di indo jadi 50 juta,0,0,0
akhirnyaa salam weton88 gampang jepe,1,1,1
konten keren banget menjelaskannya main bagus bang sgi88,1,1,1
dapet notif skakmat ahok auto klik,0,1,1
aku malam ini klaim bow 77 master rezeki,1,1,1
huawei luar biasa,0,0,0
temen sekamar aja udah main alexis17,1,1,1
ditunggu bg bimo turun balap lagi,0,0,0
gue pergi aja nyebut pulauwin,1,1,1
full sponsor,0,0,0
gue udah ga bayangin hidup alexis17 udah mata pencaharian,1,1,1
sound og diakhir video,0,0,0
gapercaya garuda hoki gampang menang,1,1,1
menang berkat pawpaw4d pilihan,1,1,1
lancar lancar bang salam jepe weton88,1,1,1
napoleon tipis tipis,0,0,0
adeirmasari3775 walaupun katanya hanya sekolah smp ya mas,0,0,0
3 bang salam jepe weton88,1,1,1
wow unexpected guest,0,0,0
ga kebayang rasa cape nya tim gd di kejar waktu,0,0,0
naskah chat gpt,0,0,0
gue rela ninggalin platform fokus alexis17,1,0,0
rekomen hape android dong budget 4 6 jt,0,0,0
kayanya bakal fokus ke mobil dipo sama farrel dulu gk sih,0,0,0
emang gak se gampang alexis17 kalo dapetin cuan,1,1,1
jawabnya yntkts,0,0,0
lebih tertarik baca komentarnya netizen ya ada yang sama kah,0,0,0
mandalika77 gachor bgt menang terus,1,1,1
semangat mas dipo rebuild lagi kemaren crash di test,0,0,0
maaf saya ngga kuat saya sudahi nonton di menit 5,0,0,0
karna penta prima sponsor elite,0,0,0
gw beli redmi note 5 pro aja udah alhamdulillah banget,0,0,0
alexis17 emang top gak ngecewain,1,0,0
corsstrek nya manaaaaa,0,0,0
terkutuk untuk semua bandar jga yg menyesatkan kecuali mandalika77 karna cm dia yg gacir haha,1,1,1
sejauh ini ini yang lebih banyak di dislikenya,0,0,0
layak dapat like tertinggiii,0,0,0
mantap bang keren sukses selalu,0,0,0
asli keren bgt ini mobil,0,0,0
sketer muncul terus auto jepek,1,0,1
malam ini keberuntungan besar datang dari dora77 seru banget,1,1,1
aduhai skete r r ejeki banget bos,1,1,1
jangan mulai nangis2 kaya 11 100 dibawa happy aja,0,0,0
style taktis kayak gini yang diperlukan sebagai leader indonesia,0,0,0
jepe kali maen auto betah,1,1,1
responsible keren,0,0,0
ini mah ngehina,0,0,0
petir koislot dateng pas butuh hiburan,1,0,1
gak skill khusus sukses alexis17,1,0,0
menang d o r a 7 7 denger cerita sukses orang,1,1,1
real ahahahhaah,0,0,0
gass zik modif xmax,0,0,0
baru pakai zfold 6 4bln langsung gigit jari liat ini edaaaaannn,0,0,0
baru maen lgsng makswin gg banget,1,1,1
sebulan main alexis17 gue udah beli furniture,1,1,1
episode yang ditunggu tunggu,0,0,0
0 02 keren weton88 terbaik menang mudah,1,1,1
ya amfuuuuuuuuuuuuuuuun,0,0,0
semangat bosqu terbaik probet855,1,1,1
kerennn contentnya bang cari situs sgi88,1,1,1
miris 1 keluarga dibenci 1 negara,0,0,0
wkwkkwwkk emang bener 11 100,0,0,0
rezeki nggak kemana makasih alexis17,1,0,0
alexis 17 gacor menang,1,1,1
lama2 bangkrut juga ni bossnya mandalika77 soalnya profit trus aku main dari kemaren wkkwkw,1,1,1
58 akan membela walaupun tau itu salah,0,0,0
cocok ni buat dogeng buat nidurin anak,0,0,0
gua sih ga pernah ragu rekomendasiin alexis 17 ke temen temen gua,1,1,1
gue sih udah buktiin sendiri kehebatan alexis 17,1,1,1
25 19 pak ahok menyelamatkan durasi video kali ini supaya jadi panjang,0,0,0
prabowo tu negarawan sejati brow,0,0,0
harmony os melebihi google,0,0,0
they don t get paid enough or not smart enough easy,0,0,0
di menit 06 43 09 00 14 48 mobilnya ganteng,0,0,0
anak abah diem aja,0,0,0
feri amsari juga,0,0,0
kelaaazzz bgt karbida fc,0,0,0
retnowulandari1737 ya begitu dah,0,0,0
kek mobil rally bang,0,0,0
berani nya bicara sendiri dialog dong mas samsul,0,0,0
alexis17 bikin maxwin gampang,1,1,1
cuma bisa ngimpi,0,0,0
ribet bngtt sii konsepnya,0,0,0
lapar banget pengen bangun pagi kayak alexis17,1,0,1
sgi88 bikin ketagihan,1,1,1
rezeki weton88 bikin hariku bermakna terima kasih,1,1,1
selalu seru kalo ngobrol sama pak ahok,0,0,0
gk bakal ilang si kecuali kiamat,0,0,0
kasian tempo alqaeda gak di ajak awowowowok,0,0,0
bro berpikir bro adalah ferry irwandi,0,0,0
keren suatu saat hape bisa dikuwas kuwes,0,0,0
gue kira cuma trend sesaat tapi pulauwin makin menggila,1,0,1
hasil alexis17 bangga beralih tukang koran bos warung,1,0,0
0 03 keren coba bang gas weton88,1,1,1
fanboy nya iphone sembunyi di pojokan meja dapur,0,0,0
orang bilang alexis17 tuh bener bener ngubah financial,1,1,1
ertepe nya banget nggak nyesel maen,1,1,0
34 04 gila itu depan nya ngangkat,0,0,0
semangat bosqu terbaik sgi88,1,1,1
sedih sekali gak rela dengan kepemimpinan ini,0,0,0
muncul medsos alexis17,1,1,1
iya lagi hahah dulu di remehin banget,0,0,0
petir merah muncul auto makswin,1,1,1
bang all new triton dong kapan offroad,0,0,0
anies gak usah ngelawak,0,0,0
yakin ntar dinasehatin sama yang expert dijawab ndasmu loh,0,0,0
maizarindra498 gua nonton full tapi ahhhhsudahhhhlahhhh,0,0,0
bonus bapak luuu,0,1,1
bismillah prof mahfud ahok,0,0,0
kata tmn gw mandalika77 rame bgt tuh situs bre gila,1,1,1
jurnalis tempo sama metro tv kemana kok gak ada di ajak,0,0,0
nyesel gue bagian dari tone deaf waktu pemilu,0,0,0
main pawpaw4d hoki,1,1,1
aku udah beli emang gila sih,0,0,0
gak pusing mikirin biaya pendidikan kalo udah join alexis17,1,1,1
bukanpemudaormas1340 biggest yapper,0,0,0
skketer di alexis17 gokil gokil sih,1,1,1
real pejabat yg dibenci rakyatnya,0,0,0
anggorodps 9 ini akun baru dimana mana nongol terus ngebelain om prabski ckck,0,0,0
sipaling mana2 cok alexis17 hduh,1,0,0
baru sadar mas dipo ada kumisnya hehe,0,0,0
dah ah tobat gk maengaruda hoki lg abis maxwin soalnya,1,1,1
parah banget agustotobikin candu berat susah banget buat berhenti,1,1,1
auto jepey sgi88,1,0,1
gokil sih hp ini dengan lipat 3,0,0,0
keren bangun mobil cuman 4 bulan,0,0,0
pulau777 terbaikk jepe terus bro,1,1,1
mending sugeng menjawab,0,0,0
479 like vs 4 5 rb disklike waw bntar lagi bakal dihapus ini,0,0,0
terima kasih min alexis17 wede 8 000 000 masuk,1,1,1
gue sih percaya aja alexis17 gak ngecewain,1,1,0
19 jt lapangan kerjax apa kabar pak,0,0,0
main di agustotorasanya kayak mimpi hasilnya langsung melimpah,1,1,1
pebriyandwip5830 apa contoh nya,0,0,0
episode paling seru so far baik dari obrolannya maupun main caturnya,0,0,0
nonton tanpa baca komen itu lebih baik,0,0,0
review request a90 supra midnight purple s15 hks gtr,0,0,0
update alexis17 gokil banget sih,1,0,0
buset serius skketer zeus alexis17 5,1,0,1
gue sih percaya aja alexis17 gak ngecewain,1,0,0
rp 5 000 terkumpul semangat cari sisanya,0,0,1
lah lu tuli ya jelas jelas uda dijawab tu kasian dah wibu ni,0,0,0
semangat bosqu terbaik alexis17,1,0,0
semua orang bilang alexis 17 tuh blessing banget,1,0,0
ahoookkkkk,0,0,0
bro sibuk sih alexis17 bagi bagi bonus deposit gede banget nih,1,1,1
intinya kerja kerja kerja,0,0,0
presiden sekeren ini kok masih ada yg nyinyir,0,0,0
nggak ngeh pak ahoook,0,0,0
terbaik kak salam weton88,1,1,1
gue udah nemu jalan ninja gue alexis17,1,1,0
terbaik kak salam sgi88,1,0,1
miya88 sensasi bermain bikin penasaran keseruannya bikin nagih,1,1,1
wede 2 kali hari ini sketer terus,1,0,1
iphone bisa gini gk kaum apple yg suka hina android panik,0,0,0
pulau777 selalu kasih pengalaman baru,1,1,1
utang sit oleh ra ki,0,0,0
semua orang bilang alexis 17 tuh bener bener bikin ketagihan,1,1,1
the best sgi88 byar,1,1,1
mercedes tetap konsisten ga ikut iims,0,0,0
pak saya nonton lebih 3 jam dan saya khawatir,0,0,0
koislot ngasih spesial gabung,1,1,1
swert bonanja gacir pol puas banget,1,1,1
sangat uwow,0,0,0
gak pusing mikirin biaya persalinan kalo udah join alexis17,1,1,1
ya allah blm lama beli pura dah ada lgi yg baru,0,0,0
modal wede gacir abis,1,1,1
modal 50 ribu jepe lgsng wede,1,1,1
buat video full review crosstreknya dong mas dipo,0,0,0
keren parah nie hp sayang bukan market gw aja,0,0,0
asyariiiii kocak lu,0,0,0
gas jadikan pesona semua maz,0,0,0
cuy serius nanya alexis17 beneran sebagus,1,0,0
yakaan hebat btt gada yg gebrag meja,0,0,0
gw main alexis17 nih skrg emg alexis17 berkualitas,1,1,1
tugas sekolah sepertinya,0,0,0
alexis17 sih heboh banget gila,1,1,1
gw kasi kisi2 lembut sikit bermain la di mandalika77 anak baru nih brani kasi wr tinggi2 wkwkwkwk kita gas supaya kapok,1,1,1
obell support duit bpk vs farell support jalur bpk,0,0,0
gabisa brooo di potong moderatornya,0,0,0
mau beli tp kpn do indonesia timur,0,0,0
orang bilang alexis17 tuh bener bener mengubah hidup,1,1,1
busett cerahh banget weton88 encess koinya ngasih mulu,1,1,1
bro tau ga alexis17 udah support bank e wallet potongan,1,0,1
bro lo udah cobain alexis17 dijamin nagih abis,1,1,1
gak gelar sarjana menang alexis17,1,1,1
emng bener kemarin udah coba probet gas ahh sgi88 kawan berbuah manis,1,1,1
aku langsung beli bakso,0,0,0
berkembang arhan semangattt salam weton88 gampang jepe,1,1,1
sebulan main alexis17 gue udah liburan lombok,1,1,1
mulai langkah baru di 2 34 mandalika77,1,1,1
tetangga gue kepo penghasilan alexis17,1,0,0
pretty much xd,0,0,0
rezeki alexis17 makasih keberuntungannya,1,1,1
mantep bener,0,0,0
gue ampe nangis ketawa2 mana maen catur diralat,0,0,0
lancar lancar bang salam jepe sgi88,1,0,1
bro tau ga alexis17 udah support bank e wallet potongan,1,1,1
m a n d a l i k a 7 7 selalu tampil dengan fitur baru,1,0,1
luh keren panji pragiwaksono anggota dprd 2029 2034,0,0,0
gak khawatir tua kalo udah gabung alexis17,1,1,1
ipknya ndlosor tapi omongannya selangit hadeuhhhh,0,0,0
episode paling lucu hahha,0,0,0
fender belakang nya yg rada aneh mas dipo,0,0,0
semoga rezeki yang berasal dari mandalika77 membawa manfaat bagi sesama,1,0,1
zoe tw kasian 2025 masih alergian,0,0,0
tahun ini privater ya bang ga di rekrut tim2 pihak lain,0,0,0
nonton dengan kecepatan 1 25x lebih baik,0,0,0
tidak menjawab sama sekali dari keluh kesah rakyat,0,0,0
mantap bermain sgi88 rezeki mengalir deras,1,1,1
kalo masih gak juara 1 dan kalah sama farell si malu2in ya,0,0,0
gue alexis17 aja beneran,1,0,0
kapan lagi main di situs segacor probet855 asli nagih sih,1,1,1
pagi pagi udah dapet notif wd alexis17 mood langsung seharian,1,1,1
crash ya bg,0,1,0
nah bener buat keuangan timnas juga ini,0,0,0
emg gayanya dr dulu deh perasaan,0,0,0
2x pula,0,0,0
u ang kelar gara gara mai i dor 77 asli gacir banget,1,1,1
nyimak abang sgi88 cair mulu,1,1,1
makin sayang ma pa ahok,0,0,0
alexis17 gk pelit bonus,1,1,1
jgn lagi plis org kaya gini dijadiin presiden,0,0,0
yg tunggu2 sgi88,1,1,1
happy banget dapet rezeki btv bener bener puas,1,1,1
gaada banyak sponsor kelassss,0,0,0
hadir bang,0,0,0
epic moment sgi88,1,1,1
itu lama2 apa gk muncul bekas lipatan yg bisa mengganggu pandangan,0,0,0
berkah rezeki berkat ahmadt to puji syukur,1,0,0
swert bonanja bener bener gacir banget,1,1,1
udah nyobain alexis17 belom recommended pokoknya,1,1,1
isi ngga ada manfaatnya,0,0,0
ngeri mangkin kesini sponsor mangkin all out ke gd kerennn,0,0,0
larchy1324 iyaa emang laksana paling top karoseri lain mah ecek ecek,0,0,0
sayang bgt velgnya itu takut face velgnya nabrak pas tandem wkwkwk,0,0,0
penasaran pengen beli semoga,0,0,0
munggu depan,0,0,0
ditunggu kehadiran nya di kampus2 buat diskusi sama anak2 mahasiswa,0,0,0
terus saya harus ngapain ini pak wapres,0,0,0
biar lbh quick lg kalo mau gnti ratio,0,0,0
matiosaja ank abhh,0,0,0
2 12 bedehhh body nya gaada lawan semoga berkah 99 terus ya ka channel nya,1,1,1
pertandingan selesai di menit 24 24,0,0,0
terima kasih min alexis 17 wede 8 000 000 masuk,1,1,1
gus idham udah punya keren banget,0,0,0
bang suara nya kecil,0,0,0
gamemodification pakai boncengan seru juga,0,0,0
paling satisfying pas bongkar pasang bodykit pasang livery,0,0,0
makin seru mandalika77 sltnya oke banget bonusnya bikin senang untung melimpah selalu memberikaan cuan teruss tiap hari nya emang gokil bangett,1,1,1
kalo besok2 sulittt,0,0,0
dia pernah pake daily huwawei ko,0,0,0
jiekong82 lah demokrasi kan ya terserah aku apa akal gk nyampe ya,0,0,0
ah mas ini kayak burung ngajak ikan untuk berenang,0,0,0
nvm you can skip it the good part start here 19 40,0,0,0
ser lakon yg ngaco itu lhu,0,0,0
walaupun udah nonton dari awal eps tetap nungguin full review,0,0,0
baru tau narasinews skarang ada acara comedy,0,0,0
min ko jumlah dislike nya hilang,0,0,0
tim gercep alexis17 nih,1,0,1
episode yang menyenangkan,0,0,0
keren banget bro,0,0,0
mengingatkan pada ken block,0,0,0
gak bermutu,0,0,0
parah forza tidak dikenali,0,0,0
tinggal metro tempo yg msih bs diharapkan netralitasnya,0,0,0
pulauwinlisensi web terbaik,1,1,1
semangat menang gacha168 ku,1,1,1
woi membaca teks yg dibuat org lain,0,0,0
gak ribet semenjak alexis17,1,0,1
matanya kemana itu woi,0,0,0
ga upload hari jumat sore tuh kya ada yang aneh,0,0,0
petir merah gates bikin mekswin,1,0,1
asyariiiii meong wkwkwkwkwk,0,0,0
baru maen udh jp mntp banget situsnya,1,1,1
fix pluto88emang beda bikin member setia,1,1,1
gw sampe meledak nih alexis17 jd 45jt,1,1,1
wahh coba lahh modif motor,0,0,0
alexis 17 emang ga matinya rame aja,1,0,0
bang judulnya belom diganti tuh wkkwkw masih judul tahap revisi,0,0,0
ganti jb 5 ya min,0,0,1
gustoto emang top notch highly recommended kalangan,1,0,0
rata kanan,0,0,0
pagi pagi udah dapet notif wd alexis17 mood langsung minggu,1,1,1
alexis 17 cba langsung bawa pulang cuan gede,1,1,1
bersandar di teras rumah sembari ngopi bermain permainan nyelot di mandalika77 nikmat sekaleh,1,1,1
kalem dikit lah,0,0,0
pasang tg nya gimana tuh,0,1,0
dijamin bakal lebih ngaco lagi,0,0,0
naikan gaji damkar,0,0,0
dari jawaban nya memang bener bener orang tua kolot,0,0,0
gombal bos,0,0,0
bang spil redmi note 14 pro 5g,0,0,0
aamiin,0,0,0
auto jepey weton88,1,1,1
youtube premium,0,0,0
luar biasa gd menyala inspirasi,0,0,0
gacur banget auto wede,1,1,1
next nya 4 lipet,0,1,0
gila ampe merinding gua nontonnya,0,0,0
beberapa pengguna melaporkan hasil positif dari penggunaan dora77,1,1,1
makin makmur dapet dari q 777,1,1,1
waahhh super sih ini teknologinya sangat keren,0,0,0
mba nana paling greget tpi sayang jawaban tdak sesuai harapan,0,0,0
seru nich weton88 cair,1,1,1
swert bonanja gacir mntp,1,1,1
walau ga punya mobil tp sk bgt liat2 mobil2 sport,0,0,0
rezeki nomplok di bukit888,1,1,1
takut salah lipet sih,0,0,0
alexis 17 gua suka banget main mudah menangnya,1,1,1
dewadora gacir banget mekswin trs pol,1,1,0
ubur ubur ikan lelel pasti jepe di manut88 le,1,1,1
hoki gak bohong udah pakai pawpaw4d,1,1,1
gue rela ninggalin platform lain demi fokus di alexis 17,1,1,1
16 34 basic cefiro bikinan gundam garage,0,0,0
yapping mulu anjir kagak ada jawaban sistematis dan realistis,0,0,0
aerox baru keluar udh tamat modifannya gokil,0,0,0
gus iqdam pon ada juga hummer,0,0,0
pulau777 selalu bikin nagih,1,1,1
gak pusing mikirin cicilan kalo udah join alexis17,1,1,1
umur berpengaruh pak,0,0,0
jersey kipernya berkerah ga bang,0,0,0
tau aja lu bang kalo gua lagi otw beli hp ini,0,0,0
datuaksegala biasa bang pembenci kita berdebat jg gk akan menang,0,0,0
tempo gak bermutu media ptopokatip,0,0,0
yg penting takut tuhan mas,0,0,0
pulau777 bikin hari hari cuaan mantap banget,1,1,1
jurus skak mat 4 langkah andalan gue nih,0,0,0
seminggu join alexis17 gue udah beliin ortu kulkas pintu,1,1,1
zoe tw dari pada ip 16 masih 60hz,0,0,0
pertimbangkan untuk menjelajahi mandalika77 jika anda menghargai inovasi dan kreativitas,1,1,1
wkwkwk riil,0,0,0
ganteng lee,0,0,0
mantap bermain dora 77 lancar rezeki mengalir deras,1,1,1
keren banget mandalika77 hampir tidak ada kerungkatan bro rasio kemenangannya tinggi banget gokil,1,1,1
ya kan pasti ada sambungannya jadi ngga mati 1 layarnya,0,0,0
15 30 ada yg nyelip satu biji,0,0,0
jangan lewatkan kesempatan menang besar di pulau 777 09 40,1,1,1
mascar007 konoha bos kalo jd buzzer yg teliti,0,0,0
paling keren supra si review dong detail nya,0,0,0
mas wahid jual beli mobil dari dulu,0,0,0
penasaran coba deh main pu lau tujuh tujuh tujuh,1,1,1
harusnya judul presiden prabowo dongeng,0,0,0
eh kenapa itu mas gubernur,0,0,0
alexis17 sih heboh banget,1,0,0
alexis 17 cba jepe gede lngsg,1,1,1
presiden yapping wkwkwk,0,0,0
aura moreno konga nya kuat bngett,0,0,0
sikat bonus dewad r auto sultan,1,1,1
kenapa mobil jepang kayak ketinggalan jaman secara teknologi,0,0,0
biden ver indo,0,0,0
bagaimana cara lihat jumlah dislike,0,0,0
ya allooh ditanya apa jawabnya apa ampyuuuuun deeh,0,0,0
masa murid gm irene sukandar kaya gini bang,0,0,0
dislike nya ga di liatin,0,0,0
d o r a 7 7 gacor ga matinya,1,1,1
ya duit bapak nya banyak apapun bisa jadi kenyataan kek nya,0,1,0
yang kesini cuma untuk dislike dan liat komenan netizen ada,0,0,0
kacau banget dah main alexis17 terbaik,1,1,0
gas main motor bg,0,0,0
hasil gacir dari agustotobikin hari makin seru mantap banget,1,1,1
gw nunggu yg lipet 5,0,0,0
keren banget lo brow,0,0,0
mandalika77 gacor menang trus 4 34,1,1,1
lebih tepatnya nahan ketawa pas jawabannya mulai ngelantur,0,0,0
lama banget main caturnya,0,0,0
gibran masukin dong,0,0,0
sehat kang semngat ngonten dilancarkan urusannya salam sgi88,1,1,1
gates gacir banget udh jepek,1,0,0
gacur pol maen jepe,1,0,1
ko bagusan mas ferry ya,0,0,0
udah nyobain alexis17 belom recommended pokoknya sumpah,1,1,1
jepe mulu nggak prnh zonk,1,0,1
bro tau ga alexis17 udah support bank e wallet potongan,1,1,1
crosstrek mana bang,0,0,0
gak mau ahokers,0,0,0
gue rela begadang sampe pagi alexis17,1,1,1
mimpi kemenangan nyata p l u t o 8 8,1,1,1
seminggu main alexis17 gue udah ganti perabotan rumah,1,1,1
semangat bang buat konten nya salam probet855 gampang jepe,1,1,1
tanpa alexis17 sudah hampa rasanya,1,1,1
diskusi sama rakyat dr semua sisi juga perlu pak,0,0,0
mrsomyaputra bagaimana rasanya jadi mahluk hina,0,0,0
gak nyangka menang p l u t o 8 8 serasa mimpi siang bolong,1,1,1
gan hasil wede cair pula bermain dis3rver mandalika77 angan angan member gua kelepek saking cakapnya mandalika77 nyarik cuan,1,1,1
untuk selanjutnya si fufufafa yg akan di ajak diskusi,0,0,0
gue udah ga bayangin hidup a l e x i s 1 7 udah sumber nafkah utama,1,1,1
16 22 pasti kijang lgx biru 2 0 at yg katanya langka,0,0,0
jackpot terus terusan bikin happy king328 terbaik,1,1,1
gue udah ga bayangin hidup alexis17 udah sumber nafkah utama,1,1,1
semangat bang konten nya salam sgi88 gampang jepe,1,1,1
d r a 7 7 menawarkan lingkungan dinamis menarik,1,0,0
engsel ny seketen ituu,0,0,0
close enough,0,0,0
dora77 bikin lupa duniawi hiburan,1,1,1
kmrn iseng hands on x6 aja udah berasa sultan gimana ini,0,0,1
0 02 keren sgi88 terbaik menang mudah,1,1,1
aero 88 menawarkan pendekatan berbeda keterlibatan daring,1,0,0
akhir nya berhasil kebeli vas bunga nya,0,0,0
esia hidayah nyimak,0,0,0
terbaik kak salam weton88,1,1,1
anis ow no,0,0,0
ngelag wd jalan alexis 17 emang top,1,0,1
berarti kemarin golput ato milih jokowow,0,0,0
gak pusing mikirin biaya sekolah anak kalo udah join alexis17,1,1,1
cuan tuh gak serius serius tau pu lau tujuh tujuh tujuh,1,1,1
sehat selalu semuanya salam dari weton88 gampang jepe,1,1,1
keuntungan dewadora mendukung membeli rumah mudah,1,1,0
orang bilang alexis17 tuh bener bener mengubah hidup,1,1,1
alexis17 bahas,1,0,0
indonesia maju ada di kepala satu orang ahok,0,0,0
karaoke lagi bang request lagu oke gas,0,0,0
maaf terlambat bang semangat ya salam sgi88 gampang jepe,1,1,1
fotodekacom sekelas presiden dibandingin sama kepala daerah,0,0,0
bang review hq nubia neo 3 5g plsssssssssssssssss,0,0,0
kmren milih siapa,0,0,0
support sama m pencil ndak ya 1 55,0,0,0
dikasih keuntungan serupap l u t o 8 8 wd aman,1,1,1
ke mana pun gue pergi pasti ada aja yang nyebut pulauwin,0,0,0
modal alexis17 bermanfaat,1,1,1
lah emg udah proper bg,0,0,0
a e r o 8 8menawarkan pendekatan kolaboratif dan berbasis komunitas,1,0,1
apa pun pertnnyaaan nya mbg jwbn nya,0,0,0
emang gak se recommended alexis17 deh,1,0,0
bukan gak nangkep gak mau jawab,0,0,0
4m an ya harganya,0,0,1
yg tunggu2 sgi88,1,1,1
manut88 benar2 bikin aku jadi sultan,1,1,1
mari kirim uang ke china,0,1,1
10 16 hp lu lipet berapa bosss,0,0,0
bru tau aku,0,0,0
anggorodps 9 di menit mna prabowo jawab langsung to the poin,0,0,0
bro speaks a whole lot of nothing,0,0,0
matamu gelap,0,0,0
keren parah org indo modifnya,0,0,0
cuan emg alexis17 modal 100k jd 4jt,1,1,1
heran sih ini pulauwin kenapa bisa nyentuh semua kalangan gitu,1,0,0
orang dewasa mewancarai seorang bayi,0,0,0
anjay mantep di alexis 17 bisa main sl t sambil nge paramount,1,1,0
mantaaaaaaaaaaaf,0,0,0
malah ngang ngong ngang ngong yang ada,0,0,0
3 17 stop judi online,0,1,1
anjay di 5000 view nih gw,0,0,0
pake subtilte bahasa inggris bang,0,0,0
harusnya sekalian coba masuk parkiran pim nih hahaha,0,0,0
rezeki bikin optimis alexis17,1,0,0
ga sia sia maen dialexis17 beneran gua wd,1,1,1
ini siapa ya,0,0,0
pandji diomelin ahok terus main caturnya,0,0,0
gila sih tempat paling aman dan asik alexis17,1,1,1
najjisss jadi wapres jalur nabrak konstitusi,0,0,0
50jt dapat hp 3 soalnya 3 lipat,0,1,1
seru abis main bareng alexis17 selalu seru,1,1,1
terima kasi rezekinya weton88,1,1,1
parah alexis17 keren banget,1,0,0
maen santai big win,1,1,1
towel gaj di ajak,0,0,0
a l e x i s 1 7 selalu kasih vibe positif jangan sampai ketinggalan,1,0,0
thanos tolong kami,0,0,0
tidak menjawab,0,0,0
modal 50 ribu jepe lgsng wede,1,1,1
kaya denger kake gw cerita pas lebaran hand orange covering eyes,0,0,0
hebat jurnalis gak ngantuk,0,0,0
busyet asli alexis17 gak obat pokoknya,1,0,1
melihat huawei apple rasanya jadi sangat tertinggal soal inovasi,0,0,0
sketer terus keluar auto wede tiap hari,1,1,1
orang gila mana yg mau beli hp seharga motor,0,0,0
cakep,0,0,0
wede gampang situsnya terpercaya banget,1,1,1
19 30 pulau 777 menang besar hadiahnya luar biasa,1,1,1
kemenangan isototopasti dibayar lunas gak pake drama,1,1,1
ariefsesar14 dihina tidak tumbang buruan turun bang,0,0,0
jangan ragu buat main di mandalika77 mereka selalu memberikan kepuasan dengan wd gede cuan pasti datang,1,1,1
menang sampah ya,0,0,0
gila bener depo cepek ribu jadi cuan 10 juta hmadt to top banget,1,1,1
sigmatanic66 iya juga ya om malah jadi alay,0,0,0
kurang tidur kebanyakan main ps doang,0,0,0
rezeki dewadora bikin senyum lebar terima kasih,1,1,1
ee anuu auah,0,0,0
6 03 apabila mim mati bertemu huruf mim maka dibaca mendengung,0,0,0
gass manut88,1,0,1
suaranya mirip lightning mcqueen,0,0,0
parah alexis17 keren banget,1,0,0
titipan tapi ga ada kapabilitas,0,0,0
dewadora gacir bener tiap main pasti aja jepe bikin nagih,1,1,1
rata2 jalanan jawe semua tdk ada jalanan nusantra,0,0,0
pembunuh zionis pesek udh yapping ya kids,0,0,0
males ah bayangin aja sendiri,0,0,0
seminggu join alexis17 gue udah beliin ortu tiket umroh,1,0,0
cara daftarx mandalika77 gmn bos,1,1,1
emang omon omon ngelantur prabowo,0,0,0
kasian kak,0,0,0
loh kok bisa2nya kita ada di sini,0,0,0
bandar weton88 auto sultan gacur,1,1,1
xmax luster masuk gd,0,0,0
sungguh luar biasa mandalika77 membuat ketagihan berat sulit untuk berhenti,1,1,1
alexis 17 tuh emang bener bener ngasih peluang ke semua orang,1,0,1
mandalika77 pelunas utang gw cok wkwkwkwk,1,1,1
akhirnyaa salam sgi88 gampang jepe,1,1,1
lagi co di toko oren,0,0,0
main di mandalika 77 langsung bikin hari jadi lebih cerah,1,1,1
umrohhhh gua harga segitu,0,0,0
keinget kenblock,0,0,0
emg terlalu op pak ahok ni saluttt,0,0,0
sukses mulai dari sini mandalika77 tempatnya,1,0,1
namanya alexis17 unik banget,1,0,0
uni lubis keren banget pertanyaannya,0,0,0
bro pokoknya kalo butuh cepet alexis17 solusinya,1,1,1
gas aja ziko modif motor nya,0,0,0
iri ya bos bapak nya situ ga kaya ya kasihan miskin wkwkwk,0,0,0
gak pusing mikirin kalo udah join alexis17,1,1,1
anak tersesatt kemana bapak nya ni face blue smiling face blue smiling face blue smiling,0,0,0
mandalika77 gk ribet gampang banget dapet hasil gede,1,1,1
yang like masuk surga,0,0,0
anjay keren di alexis 17 bisa main slot sambil traveling,1,1,1
alexis17 tuh emang bener bener ngasih peluang orang sultan dadakan,1,1,1
in sha allah,0,0,0
banjir cuan king328 gak lawan,1,1,1
maen santai big win,1,0,0
alexis17 tuh emang bener bener ngasih peluang orang sultan dadakan,1,1,1
nyoba hal baru bang modif motor,0,0,0
tapi bo ong,0,0,0
rejeki lancar nyobain,1,0,0
gak pusing mikirin biaya sekolah kalo udah join alexis17,1,1,1
langsung beli samsung a16,0,0,0
raja terakhir asc,0,0,0
mode rally juga masuk ni concept nya,0,0,0
gaspol cuan melimpah king328,1,1,1
presiden prabowo layak 2 periode justru gibran yang jadi pro kontra,0,0,0
gue udah coba main jam jam alexis17 emang gacor jam 1 pagi,1,1,1
saya beli iphone atau samsung lah,0,0,0
gue sih ga nyesel gabung alexis17 nyesel ga,1,1,1
emang gak se keren alexis17 sih,1,0,0
nggak salah loh berharap sama org model kayak gini,0,0,0
peterrrrr f7f orang balapan jg udah tayang dr td,0,0,0
sangat memudahkan thanks,0,0,0
lu polos amat atau lu buzzer robot juga ya,0,0,0
kapan kapan bikin futura spek drift dong,0,0,0
ntar lama2 hp kayak wafer berapa lapisss,0,0,0
siluet desainnya fj cruiser sekali,0,0,0
gg bgus lancar,0,0,0
berhenti ngehalu,1,0,0
gacir gila mandalika77 bikin jepe trs,1,1,1
gw demen gas sgi88 wkwkwkww seru sering2 sih mah,1,1,1
lexus gada ya skarang,0,0,0
oke di sini mvp nya bang bilal,0,0,0
grafis d e w d r keren banget bikin betah main,1,0,0
update alexis17 gokil banget sih,1,1,1
alexis 17 gua bru maen bentar lngsg jepe,1,1,1
cakep kali sgi88 bravo,1,1,1
smpe hri ini kmpung sya blum ada,0,0,0
yg kemarin ngeluh nunggin konten crosstrek ini mana ya,0,0,0
ancrit jauh lebih ganteng ni mobil daripada brziko wkwkwk,0,0,0
1 02 02 terlalu banyak oknumnya pak,0,0,1
bagus mobilnya,0,0,0
rezeki hari ini datang dari agustoto nggak nyangka,1,1,1
rezeki yang diberikan oleh uk t 888 sungguh tiada tara nilainya terima kasih ya allah atas berkat mu,1,1,1
velg ceser keren abiss,0,0,0
om fitra sama lainya bikin film mobil seru,0,0,0
alsimkebunsayur pasti ada antena nya nich,0,0,0
gue sih yes kalo diajak main alexis17,1,1,1
bener bener gacir banget main do a77 modal hasilnya,1,1,1
emang ada presiden sebelum ini yang pernah diwawancara,0,0,0
insert gambar pria duduk sambil mengerutkan dahinya,0,0,0
merdeka prestasinya ghaib,0,0,0
ditanya a jawabannya z x y,0,0,0
panji udah diajarin sama queen irene masih lengah aja wkwkwkwk,0,0,0
lowongan dislike masih di buka lebar2,0,0,0
mending redmi 12t kwowkwowkk v,0,0,0
gw demen gas alexis17 wkwkwkww seru sering2 sih mah auto jepey,1,0,1
mahal bet di indo hmmm karna bea cukai,0,0,0
bonus dari bapak misalnya,0,1,0
artinya tidak nyambung,0,0,0
terimakasih mandalika77 memang super hoki keren terpercaya dan nyata,1,1,1
gue udah nemu jalan ninja gue alexis17,1,0,0
lululala3532 ga jg si,0,0,0
muhammadrizkyf151 eeh ada pemuja bibib jijieq firza pa kabar,0,0,0
gue udah buktiin alexis17 tuh scam udah wd puluhan juta lancar,1,1,1
d e w a d o r abikin lupa duniawi hiburan,1,0,0
18 30 ini irene bisa bikin video reaksi tepok jidat sih,0,0,0
sukaaa bangettt sgi88,1,0,1
sekilas info doang ini mah l dh gtu ja,0,0,0
epic moment sgi88,1,0,1
lagi santai santai eh dapet rezeki gede dari dora77 kalian nggak mau ketinggalan kan,1,1,1
anjay mantep di alexis 17 bisa main sl t sambil nge houdini,1,0,0
tebak buah manggis kali,0,0,0
gak nyangka alexis17 se booming keren abis beneran,1,0,1
coba hitung brp kali om mobi om fitra nyanyi lagu seali on 7,0,0,0
gokillll kapan yahh gua punya mobil kaya garasi drift,0,0,0
modal receh lgsng mekswin gg,1,1,1
normal gak sih nton vdeo gni langsung pen mkn,0,0,0
alyssabrayden2099 yg paling jelas di bagian uni lubiss,0,0,0
menyala abangkuuhhh,0,0,0
maen swert bonanja sketer terus terusan,1,1,1
swert bonanja gacir banget mantul,1,1,1
si paling paham ismailadrian f2e,0,0,0
shuudzon,0,0,0
jam segini main kakek di m ndalika77 bikin nagih lurr scatter nya gampang turun sketer dan perkalian nya juga konek terus,1,1,1
ya ampun pak ahok nge scholar mate,0,0,0
om mobi masih belum fit ya ga banyak perlawanan,0,0,0
seru abis gak bisa move on dari serunya alexis17,1,0,0
weton88 bikin ketagihan,1,1,1
sekarang udah brp ya ya dislike,0,0,0
ahok pake trik lama njirr 3 langkah mati wkwkwkw,0,0,0
pidato tidak bermutu,0,0,0
xl777 tiap maen pasti ada aja jackpot luar biasa,1,1,1
cuman ini orang yg gw percaya bakal bikin indonesia lebih baik,0,0,0
alexis 17 tuh emang beda level sih ga kaya yang laen,1,0,0
hahahha katanya wapres tapi kok gak ada aura2 wapresnya,0,0,0
iye jahat mainnya agama gitu kan maunya lu dijawab,0,0,0
alexis 17 gua suka banget main mudah menangnya,1,1,1
salut buat subaru masuk indo langsung full drifting,0,0,0
gacir banget main sgi88,1,1,1
akan masa 2jz gd beralih ke ls hehe,0,0,0
fix k aceh aja om gas,0,0,0
ki daus daus,1,0,0
bravo tempo,0,0,0
bro alexis17 turnamen gede nih hadiahnya milyaran,1,1,1
pagi pagi udah senyum ya iyalah cuan pu lau tujuh tujuh tujuh,1,1,1
iya bgt yg menang alexis17,1,1,1
31 23 motor aja setinggi headlamp depan kebayang besarnya,0,0,0
menit 56 aturduit id,0,1,1
50jt dpt vario125 2 biji,0,1,1
ngisin ngisini wae koe doel,0,0,0
seminggu main alexis17 gue udah lunasi hutang,1,1,1
ga ada isi kepalanya cuma baca teks doang anak sd juga bisa,0,0,0
nonton video isinya kopong baca komenan isinya full daging,0,0,0
bermain dora 77 membuka jalan penjual bakso bos restoran,1,1,1
sekolah aja udah ada ko sekolah drifter,0,0,0
emg co itukan ada orgnya,0,0,0
garasi drift on top,0,0,0
happy banget bisa dapet rezeki besar dari ahmadt t bener bener puas,1,1,1
weton88 maen santai aja tetep wedey jutaan,1,1,1
mascar007 masih ada orang respon begini jaman sekarang lol,0,0,0
ngomong apa sih,0,0,0
makin ngawur yang ada face purple crying,0,0,0
tigoo 8 kan 7 seater bos,0,0,0
fufufafa cuma hapalan fufufafa gak paham yang keluar dari mulutnya,0,0,0
ternyata isinya iklan semua alhamdulilah mkasih mas,0,0,0
ketagihan main di dewadora gacir terus jepe ga ada lawan,1,1,1
swert bonanja gacir parah wajib coba sih,1,1,1
kwkwkwkw horang kayya,0,0,0
mandalika77 terpopuler masakini,1,1,1
kerahnya kalo putih asik kyknya,0,0,0
hendrayadi v5h what if dia golput,0,0,0
11 100 itu terlalu tinggi ternyata,0,0,0
gue udah nemu jalan ninja gue alexis17,1,0,0
servis fleksibelnya mampus ini kalo kena 2 sisi,0,0,0
us kalah tekhnologi nya nnti,0,0,0
sketer auto wede,1,0,1
bedanya alexis17 ya,1,0,0
dora77 gua cuma maen iseng eh malah jadi jepe,1,1,1
ubur ubur ikan lele pokerbola mantap le,1,1,1
bagus garasinya 10 12 berkah99 emang juara rezeki gak ada abisnya,1,1,1
engga sia sia aku nemuin alexis17 gamenya terbaik,1,1,0
suka banget main s1tus a l e x i s 1 7 pokoknya the best emg,1,1,1
beli kapal api special mix,0,0,0
gokil sih g i gacir pol bro,1,0,1
mana crosstrek kami,0,0,0
gd memang the best,0,0,0
wajib nonton klu ada pak ahok,0,0,0
mascar007 lah jadi harusnya ngapain selain dari kritikan yang kita kasih,0,0,0
emang gak se transparan alexis17 deh,1,0,0
itu mah masih baca tex,0,0,0
kosong adalah kosong,0,0,0
setuju khususnya uni lubis ketika nanya ruu tni,0,0,0
gak nyangka bisa dapat segini dari axl777 auto traktir sekeluarga,1,1,1
oh yeke bang mobil ini ke atau mobil lain,0,0,0
emang gak se worth it alexis17 deh,1,0,0
agustoto aku cba maen malah jekpot gede,1,1,1
cukup daging sebetulnya klo dengerin sampe akhir,0,0,0
grafik kece loading super cepat pawpaw4d,1,0,1
mandalika77 kebanggan rakyat,1,0,0
tontonan tiap tahun,0,0,0
mata najwa dengan tatapan curiga dan tidak bersahabat,0,0,0
nemunya titik gelap,0,0,0
barang aneh nya kapan bang udah lama kayaknya,0,0,0
next bikin konten ganti mesin brziko pakai v8,0,0,0
kok saya merasa bahwa memilih anis dulu adalah pilihan yg tepat,0,0,0
keren banget sukses,0,0,0
lomgsleeve nya cakep parahhh anjiir,0,0,0
50jt an aja,0,0,1
dah terbukti om,0,0,0
awas nant lu digebukin kaum 58 tikotok,0,0,0
pagi tadi coba main di 2 16 mandalika77 siang sudah menikmati jakpot besar,1,1,1
keren banget banggg,0,0,0
wede alexis17 cepet banget,1,0,0
nyari ngantuk disini,0,0,0
bilal astaga bilal makin gede aja,0,0,0
belum puas mandangin kegantengannya tolong 32 02,0,0,1
fufu fafa ndadmu,0,0,0
gacu r dikit langsung jepe aja,1,0,0
hidup penuh keceriaan bersama mandalika77,1,0,1
bang review hp satu jutaan lagi dong,0,0,0
no respect,0,0,0
point nya harus anis yg suci dan sempurna harus jadi presiden begitu,0,0,0
gajian langsung beli ah replika version,0,0,0
sekilas mirip joshua kalau tua ya,0,0,0
berasa dapat maxwin habis weton88 gacor habis,1,1,1
orang bilang alexis17 tuh bener bener ngebantu ekonomi,1,0,0
kapan ya ada acara wapres menjawab,0,0,0
hati2 ya jgn sampe bang bimo diendorse rumput gbk,0,0,0
seru nich sgi88 cair,1,1,1
wajib coba gak bisa move on dari serunya alexis17,1,1,1
yg tunggu2 weton88,1,1,1
uhuiiiiiiiiii,0,0,0
wkwkwkwk ngawoooor,0,0,0
sudah saatnya mas ziko 200sx pasang ls hdc 1uz,0,0,0
ya ndak tau kok tanya saya,0,0,0
yg harusnya lu dukung abis abisan tuh yang ini orgnya nji,0,0,0
miata kaki kaki nya aman buat drift,0,0,0
a l e x i s 1 7 tuh emang bener bener beda sih rtpnya super,1,1,1
hahahaha artificial sukses nepotisme,0,0,0
alexis 17 wedey gede cma maen bentar,1,1,1
penyepong ip smartphone orang kaya mana nih,0,0,0
pengen liat konten crostrack mas dipo crash,0,0,0
dimasseto7248 woh manggut manggut berarti setuju yak wkwk gokil juga pemikiran lu,0,0,0
duh 3 jam nonton ternyata kosong level presiden loh ini,0,0,0
ngomong apa sih elo,0,0,0
ternyata main di axl777itu gacir beneran hasilnya langsung terlihat,1,1,1
kepo alexis17 beruntung,1,0,0
main aman hasil jawabannya p l u t o 8 8,1,1,1
daftar maen sebentar lgsng jepe,1,1,1
kasihan wapres ini ngga malu jg,0,0,0
caranya liat dislike dimana bang,0,0,0
gak gagal weton88,1,1,1
09 00 kukira genangan air tadi,0,0,0
31 00 gile cantik banget lihat hasilnya,0,0,0
yaelah 04 20 p u l a u w i n muncul,1,0,1
tapi gk di liput karena kurang menarik,0,0,0
15 29 apa an tu,0,0,0
sambut hari dengan antusias di mandalika77,1,0,1
yaelah masih 4thn lg pula,0,0,0
weton88 maen santai aja tetep wedey jutaan,1,1,1
judul yg tepat ppoo,0,0,0
pada ngeri,0,0,0
emang gak duanya sih alexis17,1,0,0
tmn gw alexis17 rame bgt tuh situs bre gila,1,1,1
p u l a u 7 7 7 terbaikk jepe terus bro,1,1,1
kenapa ya baca komennya buat aku ngakak,0,0,0
nyaman bermain king328,1,1,1
ku coba p l u t o 8 8 langsung senyum hahahah,1,1,1
gue sih ga nyesel gabung alexis17 nyesel ga lahir,1,0,1
kena 3 langkah mat panji,0,0,0
thanks gpt,0,0,0
siaaapp cil,0,0,0
ngeri kesenggol jatuhnya pas lg dibuka patah gmna rasanya y,0,0,0
gd emng gk pernah salah anjir kalo modif2 mobil keren,0,0,0
kinggba emang buzzer dia,0,0,0
males dengernya,0,0,0
langsung beli nasi padang,0,0,0
mencari tantangan baru xl777 bisa menjadi jawabannya,1,1,1
hari jum at gak upload bang,0,0,0
besok otw beli,0,0,0
samsulkhoir w5t negarawan sejati yang ngelantur brow,0,0,0
yang tidak di sukai itu auranya negative om,0,0,0
agustoto tiap maen pasti ada aja jekpot luar biasa,1,1,1
pasukan gohib ayo gabung di bukit888,1,1,1
kesempatan gak dilewatkan main p l u t o 8 8,1,1,1
kata kunci macan sirkus,0,0,0
presiden prabowo tidak gebrak meja,0,0,0
sulistyowati el8kl sudah nyepongnya bu,0,0,0
gak perlu pusing mikirin biaya nikah kalo udah join alexis 17,1,1,1
setuju bro gw jg main alexis17 gac0r,1,1,1
gak perlu skill khusus buat sukses di alexis 17,1,1,1
beneran deh main bareng alexis17 selalu seru,1,1,1
keenakan main pulau kapuk indah,1,0,0
9 41 gasss mass zikooo kaya menjadi hall yang baruu dan seruu,0,0,1
kaesang kapan niih bang,0,0,0
manusia biasa d emang jawaban nya melantur dasar buzzer dibayar berapa lu,0,0,0
kirain bakal nampilin mobil baru lecet baru,0,0,0
9 26 setuju modif motor xmax nya bang jadiiin project pasti seru bgt,0,0,0
kapan iphone bikin fold,0,0,0
pepekpepek lah semua iklan pokonya mandalika77 paling gacir,1,0,1
9 26 bangun kph jogja style aja mabg,0,0,0
baru seminggu join alexis 17 gue udah bisa beliin ortu kulkas dua pintu,1,1,1
mode ngeri huawei,0,0,0
bener bener gacir main pertama kali langsung menang besar di mandalika77,1,1,1
gasss and goodluck mas dipo,0,0,0
sempet ga percaya eh bener gua maxwin diga ru da ho ki,1,1,1
wajib beli,0,0,0
jogetin dulu dong,0,0,0
kuereen dwipo menyala,0,0,0
top up wd super cepat puas banget,1,1,1
bener kaum pelangi,0,0,0
bener bener situs terpercaya recommended,1,1,1
beli j2 prime,0,0,0
os nya gmn,0,0,0
20 18 kelass,0,0,0
gas main v8,0,1,1
dia anaknya jokowi makanya bisa jadi wapres,0,0,0
2 25 langsung sgi88 bang,1,1,1
sharus nya di iringi dengan harga,0,0,0
10 32 lbwk jelasss,0,0,1
beingaamon bagus sampe skrg huawei p30 pro ga ada masalah,0,0,0
gaya sesuaikan dompet,0,0,0
semua mau di handle mumpung jiwa muda wkwwkkw,0,0,0
modal kecil maxwin gila sih gacor abis,1,1,1
babi yapping,0,0,0
alexis 17 gampang banget dapet hasil gede gk ribet,1,1,1
nunggu second,0,0,0
alexis17 bikin gue lunasi utang seminggu modal 100rb,1,1,1
akankah v8 juga,0,0,0
wede aman sketer sering keluar banget,1,1,1
audionya ya bang pandji tolong team,0,0,0
02 30 pulau777 gampang banget buat dicoba,1,1,1
main modal uda bsia wd,1,1,1
ubur ubur ikan lele alexis17 nih lee,1,0,0
camatzeus lah ngapain bawa2 anak abah,0,0,0
rezeki alexis17 makasih keberuntungannya,1,1,1
di sd anak ku yg ke tiga gak ada tuh mbg,0,0,0
lexus mercy,0,0,0
air dan minyak ga bisa menyatu,0,0,0
gacu r ha r i modal seadanya,1,1,1
lo gak tau serunya cobain pulauwin,1,1,1
video aerox ngantuk,0,0,0
temen temen pindah pawpaw4d seru,1,1,1
jersey baru tapi u 20 nya kebantai hadeh,0,0,0
next tambahin segment mobil yang kita beli iims 2025,0,0,0
belum ada 5 menit berbicara nama pak jokowi sudah disebut wkw,0,0,0
cair kakak mantap banget cuan s gi8 8,1,1,1
modal peroleh dora77 percaya berwirausaha,1,1,1
86 airbft hitam ownernya orang manado,0,0,0
gg gak nyangka sebagus itu,0,0,0
w ngakak jokes bapak bapak sheila on 7 dan wkwk,0,0,0
topiknya apa bahasnya kemana2 anak konstitusi,0,0,0
calon macan hutan 2029,0,0,0
merambah bisnis jualan sasis,0,0,0
bikin pengen main alexis17,1,1,1
massuhada5461 betul sekali tapi emang ga nyambung sih,0,0,0
jelek design nya,0,0,0
menang pawpaw4d gak membanggakan,1,1,1
ke iims pengen ketmu om fitra tpi gk ketemu,0,0,0
inpo backsoundnya bang,0,0,0
maaf terlambat bang semangat ya salam sgi88 gampang jepe,1,1,1
ngomong apa sihh,0,0,0
poin pentingnya kerja cariin bapak,0,0,0
gw coba alexis17 yg lg viral 100rb 3jt sampe sejam,1,1,1
yapping mulu bisanya kerjaan lo udah boleh diganti ama ai,0,0,0
sehari join alexis17 gue udah dapet cuan beli laptop,1,1,1
si pandji nahan ketawa terus anjir,0,0,0
wkwk kocak ahok lebih tegas,0,0,0
05 11 alexis17,1,1,1
how to purchase in india help please,0,0,0
pulauwin susah pindah,1,0,1
selalu mantep broooo,0,0,0
tam tim tam tim,0,0,0
pengen cepat kaya langsung coba di axl777dan rasain jakpotnya,1,1,1
15 38 ganggu banget ada mobil tot tot nyepil,0,0,0
2029 kdm btp,0,0,0
gila sih alexis17 itu andalan gue sekarang,1,1,1
yang saya tunggu tunggu,0,0,0
plango plongo doang yg ada bikin geregetan pengen sikut biji matanya,0,0,0
makasih banyak dora77 rezeki hari ini benar benar luar biasa,1,1,1
anak abah pedes2 ngomong nya,0,0,0
kespill sendiri,0,0,0
itu si rijal doyan banget main di pulauwin sampe kebeli motor,1,1,1
merinding siih pas reveal,0,0,0
harga nya brapah om insyaallah tahun depan saya beli,0,0,0
coba jelasin qpa yg kamu ngerti dari jawaban bapak presiden itu muhammadmudayin,0,0,0
18 menit bisa kelar ini episode,0,0,0
cuma bikin org risih,0,0,0
presiden prabowo menjawab presiden prabowo membantah,0,0,0
uda yappingnya,0,0,0
kesini hanya untuk dislike saja,0,0,0
terima kasih agustoto hari ini menang besar dan bisa buat kebutuhan keluarga,1,1,1
otw mills lagi bang,0,0,0
kayak asal jadi doang,0,0,0
emang gak se reliable alexis17,1,0,0
kasih link beli yang asli,0,0,1
minimal nyimak kalo mau buat bakalan up di chanel pribadinya,0,0,0
mana ada yang benar broh wkwk kocak,0,0,0
ga kebayang gmn ziko kalo ngemodif motor di tunggu ya,0,0,0
18menit 400k,0,1,1
alexis17 tuh emang bener bener ngubah hidup gue susah makmur,1,1,1
gak pinter paham pu lau tujuh tujuh tujuh,1,0,1
gue rela ninggalin bisnis fokus alexis17,1,1,1
kenyang banget ilmu nya,0,0,0
jangan pernah mimpi kau jadi presiden kaya bapak kau,0,0,0
sadly yes i think so,0,0,0
crestedduckk cara menghormati orang yg sudah meninggal bg,0,0,0
langsung beli mie ayam,0,0,0
best episode makasih bang panji,0,0,0
gw main di mandalika77 sampe bikin 3 akun kirain bakal rungkad salah satu eh wd mulu wkkwkwk,1,1,1
kerennn contentnya bang cari situs yang benar itu probet855,1,1,1
gak pusing mikirin biaya sekolah anak kalo udah join alexis17,1,1,1
0 50 harganya 50jtan aja,0,0,0
keren gas mari kak weton88,1,1,1
emang gak se adil alexis17 deh,1,0,0
q percepat 2x kak,0,0,0
aku nyari komen yg dukung koq gak nemu2 yaa,0,0,0
tiap hari ada aja hal baru di agustoto bikin penasaran dan excited terus,1,0,1
akhirnya woiii,0,0,0
mantepp bener kkaa aihyss,0,0,0
sobat kuliner lah terus emang iya haha terus anies ahok 2029 ape,0,0,0
mantep bener mas dipo sukses terus,0,0,0
ini di malaysia laris sering kelihatan di jalan,0,0,0
terimakasih,0,0,0
sedih denger dongeng 11 dari 100 induksia,0,0,0
mantap bermain sgi88 rezeki mengalir deras,1,1,1
temen gue bilang alexis17 tuh bikin ketagihan,1,1,1
3 bang salam jepe weton88,1,1,1
p u l a u w i n tuh kayak udah jadi lifestyle baru ya,1,0,0
beda ideologi,0,0,0
say it loudereeerrrrrrrr,0,0,0
semoga 02 ga masuk daftar jual,0,0,0
pro aja bang sgi88,1,1,1
undang pak jokowi bang,0,0,0
enak bgt main di p u l a u w i n,1,1,1
bismillah semoga kita semua bisa kebeli tahun depan aamiinn,0,0,0
tim yg langsung jual motor buat beli ini,0,1,0
keberuntungan benar benar terduga dip l u t o 8 8,1,1,1
pengen beli kw agar menghidupin umkm,0,0,0
cuma di sini alexis17 itu andalan gue sekarang,1,1,1
05 35 sgi88 ngadu nasib wkwkw,1,1,1
prabowo sama ahok cocok deh,0,0,0
sehari join alexis17 gue udah dapet cuan dp rumah,1,1,1
lek jersi njaluk sitok wong ngawi,0,0,0
gue udah nemu jalan ninja gue pluto88,1,1,1
udah di bawa naugan hmc skrang to,0,0,0
bagus beli mobil,0,0,0
gw paling demen gas di weton88 wkwkwkww seru harus sering2 sih ini mah,1,1,1
akhirnyaaaaaa,0,0,0
mungkin kalo dah kerjaa,0,0,0
harusnya acara selesai itu hihihihi,0,0,0
brz lebih keren gapake wing,0,0,0
d wadora menawarkan kesempatan terhubung pemain,1,0,0
sehat kang semngat ngonten dilancarkan urusannya salam sgi88,1,0,1
gas modifikasi motor ketua keren kan,0,0,0
pin komentar om rendem aja soal banyak banget komen judol nihh,0,1,0
baru maen lgsng makswin gg banget,1,1,1
nmax turbo hedonnn,0,0,0
mending beli cewe bang,0,0,0
boleh ni konten motor,0,0,0
50juta an aja,0,1,1
anjinggg lucuuu bngtttt ngakaakkkk,0,0,0
ishowspeed 3000 rp 50 000 000 box gift ok youtube,0,1,1
tetap cintai ckd,0,0,0
need money for porsche nempel di lamborghini,0,1,0
wow gak bisa move on dari serunya alexis17,1,0,0
malem hiburan bareng p u l a u w i n,1,0,1
ulu777 fitur keren,1,1,1
semenyala ini 29 06,0,0,0
bro you tell too many facts and realities,0,0,0
gas bang modif mio,0,0,0
jual ginjal sana pasti bisa kebeli,0,0,0
gak akan beli walaupun ada dananya,0,0,0
alexis 17 bikin hidup gua berubah 180 derajat dari tukang ojek jadi bos,1,0,1
best alexis17 beneran gampang menang sl0t nya,1,1,1
angeliart cie komentar dari papan klip,0,0,0
syhrzlsyhrzl gaa kok dari dulu emang sama gm company ga pernah di chrysler,0,0,0
alexis17 tuh emang bener bener ngasih peluang orang sultan dadakan,1,1,1
episode paling lucu,0,0,0
seminggu main alexis17 gue udah bayar cicilan rumah,1,1,1
nunggu gd bisa buat mobil sendiri ayolah pasti bisa,0,0,0
kirain upload dipo crash,0,0,0
